Customer,Route,VehicleClass,SourceVehicleLabel,LineType,BillingType,PricingBasis,Rate,Currency,ValidFrom,ValidTo,SourceReference,Status
"JDL","RIYADH SORTING CENTER → RIYADH STATION (SULAY/TUWAIQ/AZIZYAH/ALKHARJ)","3-4 TON","3TON/4TON","ROUND_TRIP","EXTRA","",310,"SAR","","","Primary Row 2","ACTIVE_CANDIDATE"
"JDL","RIYADH SORTING CENTER → RIYADH STATION (SULAY/TUWAIQ/AZIZYAH/ALKHARJ)","5 TON","5M-5TON","ROUND_TRIP","EXTRA","",320,"SAR","","","Primary Row 3","ACTIVE_CANDIDATE"
"JDL","RIYADH SORTING CENTER → RIYADH STATION (SULAY/TUWAIQ/AZIZYAH/ALKHARJ)","10 TON","6.5M-10TON","ROUND_TRIP","EXTRA","",360,"SAR","","","Primary Row 4","ACTIVE_CANDIDATE"
"JDL","RIYADH SORTING CENTER → DUWADIMI","3-4 TON","3TON/4TON","ROUND_TRIP","EXTRA","",685,"SAR","","","Primary Row 5","ACTIVE_CANDIDATE"
"JDL","RIYADH SORTING CENTER → DUWADIMI","5 TON","5M-5TON","ROUND_TRIP","EXTRA","",695,"SAR","","","Primary Row 6","ACTIVE_CANDIDATE"
"JDL","RIYADH SORTING CENTER → DUWADIMI","10 TON","6.5M-10TON","ROUND_TRIP","EXTRA","",950,"SAR","","","Primary Row 7","ACTIVE_CANDIDATE"
"JDL","RUH AIRPORT → RIYADH SORTING CENTER","10 TON","6.5M-10TON","ROUND_TRIP","EXTRA","",370,"SAR","","","Primary Row 8","ACTIVE_CANDIDATE"
"JDL","RUH AIRPORT → RIYADH SORTING CENTER","20 TON","13.5M-20TON","ROUND_TRIP","EXTRA","",950,"SAR","","","Primary Row 9","ACTIVE_CANDIDATE"
"JDL","RUH AIRPORT → RIYADH SORTING CENTER (ROUND)","10 TON","6.5M-10TON","ROUND_TRIP","EXTRA","",450,"SAR","","","Primary Row 10","ACTIVE_CANDIDATE"
"JDL","RUH AIRPORT → RIYADH SORTING CENTER (ROUND)","20 TON","13.5M-20TON","ROUND_TRIP","EXTRA","",1450,"SAR","","","Primary Row 11","ACTIVE_CANDIDATE"
"JDL","DMM AIRPORT → DAMMAN SORTING CENTER","10 TON","6.5M-10TON","ROUND_TRIP","EXTRA","",445,"SAR","","","Primary Row 12","ACTIVE_CANDIDATE"
"JDL","DMM AIRPORT → DAMMAN SORTING CENTER","20 TON","13.5M-20TON","ROUND_TRIP","EXTRA","",1150,"SAR","","","Primary Row 13","ACTIVE_CANDIDATE"
"JDL","DMM AIRPORT → DAMMAN SORTING CENTER (ROUND)","10 TON","6.5M-10TON","ROUND_TRIP","EXTRA","",585,"SAR","","","Primary Row 14","ACTIVE_CANDIDATE"
"JDL","DMM AIRPORT → DAMMAN SORTING CENTER (ROUND)","20 TON","13.5M-20TON","ROUND_TRIP","EXTRA","",1550,"SAR","","","Primary Row 15","ACTIVE_CANDIDATE"
"JDL","JED AIRPORT → JEDDAH SORTING CENTER","10 TON","6.5M-10TON","ROUND_TRIP","EXTRA","",419,"SAR","","","Primary Row 16","ACTIVE_CANDIDATE"
"JDL","JED AIRPORT → JEDDAH SORTING CENTER","20 TON","13.5M-20TON","ROUND_TRIP","EXTRA","",950,"SAR","","","Primary Row 17","ACTIVE_CANDIDATE"
"JDL","JED AIRPORT → JEDDAH SORTING CENTER (ROUND)","10 TON","6.5M-10TON","ROUND_TRIP","EXTRA","",495,"SAR","","","Primary Row 18","ACTIVE_CANDIDATE"
"JDL","JED AIRPORT → JEDDAH SORTING CENTER (ROUND)","20 TON","13.5M-20TON","ROUND_TRIP","EXTRA","",1450,"SAR","","","Primary Row 19","ACTIVE_CANDIDATE"
"JDL","RIYADH → KHAMIS","10 TON","6.5M-10TON","ROUND_TRIP","EXTRA","",1800,"SAR","","","Primary Row 20","ACTIVE_CANDIDATE"
"JDL","RIYADH → KHAMIS","20 TON","13.5M-20TON","ROUND_TRIP","EXTRA","",3250,"SAR","","","Primary Row 21","ACTIVE_CANDIDATE"
"JDL","RIYADH → JEDDAH","10 TON","6.5M-10TON","ROUND_TRIP","EXTRA","",1600,"SAR","","","Primary Row 22","ACTIVE_CANDIDATE"
"JDL","RIYADH → JEDDAH","20 TON","13.5M-20TON","ROUND_TRIP","EXTRA","",2500,"SAR","","","Primary Row 23","ACTIVE_CANDIDATE"
"JDL","RIYADH → DAMMAN","10 TON","6.5M-10TON","ROUND_TRIP","EXTRA","",1220,"SAR","","","Primary Row 24","ACTIVE_CANDIDATE"
"JDL","RIYADH → DAMMAN","20 TON","13.5M-20TON","ROUND_TRIP","EXTRA","",1650,"SAR","","","Primary Row 25","ACTIVE_CANDIDATE"
"JDL","RIYADH → DAMMAN","5 TON","5M-5TON","ROUND_TRIP","EXTRA","",800,"SAR","","","Primary Row 26","ACTIVE_CANDIDATE"
"JDL","RIYADH → DAMMAN","10 TON","6.5M-10TON","ROUND_TRIP","EXTRA","",1150,"SAR","","","Primary Row 27","ACTIVE_CANDIDATE"
"JDL","RIYADH → DAMMAN","20 TON","13.5M-20TON","ROUND_TRIP","EXTRA","",1500,"SAR","","","Primary Row 28","ACTIVE_CANDIDATE"
"JDL","RIYADH → DAMMAN (ROUND)","5 TON","5M-5TON","ROUND_TRIP","EXTRA","",1125,"SAR","","","Primary Row 29","ACTIVE_CANDIDATE"
"JDL","RIYADH → DAMMAN (ROUND)","10 TON","6.5M-10TON","ROUND_TRIP","EXTRA","",1350,"SAR","","","Primary Row 30","ACTIVE_CANDIDATE"
"JDL","RIYADH → DAMMAN (ROUND)","20 TON","13.5M-20TON","ROUND_TRIP","EXTRA","",2250,"SAR","","","Primary Row 31","ACTIVE_CANDIDATE"
"JDL","RIYADH → HAIL","5 TON","5M-5TON","ROUND_TRIP","EXTRA","",1200,"SAR","","","Primary Row 32","ACTIVE_CANDIDATE"
"JDL","RIYADH → HAIL","10 TON","6.5M-10TON","ROUND_TRIP","EXTRA","",1400,"SAR","","","Primary Row 33","ACTIVE_CANDIDATE"
"JDL","RIYADH → HAIL","20 TON","13.5M-20TON","ROUND_TRIP","EXTRA","",2900,"SAR","","","Primary Row 34","ACTIVE_CANDIDATE"
"JDL","RIYADH → HAIL","3-4 TON","3TON/4TON","ROUND_TRIP","EXTRA","",1040,"SAR","","","Primary Row 35","ACTIVE_CANDIDATE"
"JDL","RIYADH → HAIL","5 TON","5M-5TON","ROUND_TRIP","EXTRA","",1200,"SAR","","","Primary Row 36","ACTIVE_CANDIDATE"
"JDL","RIYADH → HAIL","10 TON","6.5M-10TON","ROUND_TRIP","EXTRA","",1450,"SAR","","","Primary Row 37","ACTIVE_CANDIDATE"
"JDL","RIYADH → HAIL","20 TON","13.5M-20TON","ROUND_TRIP","EXTRA","",2800,"SAR","","","Primary Row 38","ACTIVE_CANDIDATE"
"JDL","JEDDAH → RIYADH","5 TON","5M-5TON","ROUND_TRIP","EXTRA","",1215,"SAR","","","Primary Row 39","ACTIVE_CANDIDATE"
"JDL","JEDDAH → RIYADH","10 TON","6.5M-10TON","ROUND_TRIP","EXTRA","",1600,"SAR","","","Primary Row 40","ACTIVE_CANDIDATE"
"JDL","JEDDAH → RIYADH","20 TON","13.5M-20TON","ROUND_TRIP","EXTRA","",2400,"SAR","","","Primary Row 41","ACTIVE_CANDIDATE"
"JDL","JEDDAH → RIYADH (ROUND)","3-4 TON","3TON/4TON","ROUND_TRIP","EXTRA","",1790,"SAR","","","Primary Row 42","ACTIVE_CANDIDATE"
"JDL","JEDDAH → RIYADH (ROUND)","5 TON","5M-5TON","ROUND_TRIP","EXTRA","",1800,"SAR","","","Primary Row 43","ACTIVE_CANDIDATE"
"JDL","JEDDAH → RIYADH (ROUND)","10 TON","6.5M-10TON","ROUND_TRIP","EXTRA","",2100,"SAR","","","Primary Row 44","ACTIVE_CANDIDATE"
"JDL","JEDDAH → RIYADH (ROUND)","20 TON","13.5M-20TON","ROUND_TRIP","EXTRA","",3250,"SAR","","","Primary Row 45","ACTIVE_CANDIDATE"
"JDL","DAMMAN → RIYADH","3-4 TON","3TON/4TON","ROUND_TRIP","EXTRA","",870,"SAR","","","Primary Row 46","ACTIVE_CANDIDATE"
"JDL","DAMMAN → RIYADH","5 TON","5M-5TON","ROUND_TRIP","EXTRA","",880,"SAR","","","Primary Row 47","ACTIVE_CANDIDATE"
"JDL","DAMMAN → RIYADH","10 TON","6.5M-10TON","ROUND_TRIP","EXTRA","",990,"SAR","","","Primary Row 48","ACTIVE_CANDIDATE"
"JDL","DAMMAN → RIYADH","20 TON","13.5M-20TON","ROUND_TRIP","EXTRA","",1650,"SAR","","","Primary Row 49","ACTIVE_CANDIDATE"
"JDL","DAMMAN → RIYADH (ROUND)","5 TON","5M-5TON","ROUND_TRIP","EXTRA","",1250,"SAR","","","Primary Row 50","ACTIVE_CANDIDATE"
"JDL","DAMMAN → RIYADH (ROUND)","10 TON","6.5M-10TON","ROUND_TRIP","EXTRA","",1620,"SAR","","","Primary Row 51","ACTIVE_CANDIDATE"
"JDL","DAMMAN → RIYADH (ROUND)","20 TON","13.5M-20TON","ROUND_TRIP","EXTRA","",2400,"SAR","","","Primary Row 52","ACTIVE_CANDIDATE"
"JDL","RIYADH SORTING CENTER → MADINA","3-4 TON","3TON/4TON","ROUND_TRIP","EXTRA","",1330,"SAR","","","Primary Row 53","ACTIVE_CANDIDATE"
"JDL","RIYADH SORTING CENTER → MADINA","5 TON","5M-5TON","ROUND_TRIP","EXTRA","",1340,"SAR","","","Primary Row 54","ACTIVE_CANDIDATE"
"JDL","RIYADH SORTING CENTER → MADINA","10 TON","6.5M-10TON","ROUND_TRIP","EXTRA","",1665,"SAR","","","Primary Row 55","ACTIVE_CANDIDATE"
"JDL","RIYADH SORTING CENTER → YANBU","3-4 TON","3TON/4TON","ROUND_TRIP","EXTRA","",1385,"SAR","","","Primary Row 56","ACTIVE_CANDIDATE"
"JDL","RIYADH SORTING CENTER → YANBU","5 TON","5M-5TON","ROUND_TRIP","EXTRA","",1395,"SAR","","","Primary Row 57","ACTIVE_CANDIDATE"
"JDL","RIYADH SORTING CENTER → YANBU","10 TON","6.5M-10TON","ROUND_TRIP","EXTRA","",2000,"SAR","","","Primary Row 58","ACTIVE_CANDIDATE"
"JDL","RIYADH SORTING CENTER → YANBU","5 TON","5M-5TON","ROUND_TRIP","EXTRA","",1500,"SAR","","","Primary Row 59","ACTIVE_CANDIDATE"
"JDL","RIYADH SORTING CENTER → YANBU","10 TON","6.5M-10TON","ROUND_TRIP","EXTRA","",2100,"SAR","","","Primary Row 60","ACTIVE_CANDIDATE"
"JDL","JEDDAH SORTING CENTER → MAKKAH","3-4 TON","3TON/4TON","ROUND_TRIP","EXTRA","",530,"SAR","","","Primary Row 61","ACTIVE_CANDIDATE"
"JDL","JEDDAH SORTING CENTER → MAKKAH","5 TON","5M-5TON","ROUND_TRIP","EXTRA","",540,"SAR","","","Primary Row 62","ACTIVE_CANDIDATE"
"JDL","JEDDAH SORTING CENTER → MAKKAH","10 TON","6.5M-10TON","ROUND_TRIP","EXTRA","",670,"SAR","","","Primary Row 63","ACTIVE_CANDIDATE"
"JDL","JEDDAH SORTING CENTER → TAIF","3-4 TON","3TON/4TON","ROUND_TRIP","EXTRA","",640,"SAR","","","Primary Row 64","ACTIVE_CANDIDATE"
"JDL","JEDDAH SORTING CENTER → TAIF","5 TON","5M-5TON","ROUND_TRIP","EXTRA","",648,"SAR","","","Primary Row 65","ACTIVE_CANDIDATE"
"JDL","JEDDAH SORTING CENTER → TAIF","10 TON","6.5M-10TON","ROUND_TRIP","EXTRA","",800,"SAR","","","Primary Row 66","ACTIVE_CANDIDATE"
"JDL","JEDDAH SORTING CENTER → TAIF","3-4 TON","3TON/4TON","ROUND_TRIP","EXTRA","",740,"SAR","","","Primary Row 67","ACTIVE_CANDIDATE"
"JDL","JEDDAH SORTING CENTER → TAIF","5 TON","5M-5TON","ROUND_TRIP","EXTRA","",590,"SAR","","","Primary Row 68","ACTIVE_CANDIDATE"
"JDL","JEDDAH SORTING CENTER → TAIF","10 TON","6.5M-10TON","ROUND_TRIP","EXTRA","",1190,"SAR","","","Primary Row 69","ACTIVE_CANDIDATE"
"JDL","JEDDAH SORTING CENTER → YANBU","3-4 TON","3TON/4TON","ROUND_TRIP","EXTRA","",780,"SAR","","","Primary Row 70","ACTIVE_CANDIDATE"
"JDL","JEDDAH SORTING CENTER → YANBU","5 TON","5M-5TON","ROUND_TRIP","EXTRA","",790,"SAR","","","Primary Row 71","ACTIVE_CANDIDATE"
"JDL","JEDDAH SORTING CENTER → YANBU","10 TON","6.5M-10TON","ROUND_TRIP","EXTRA","",1050,"SAR","","","Primary Row 72","ACTIVE_CANDIDATE"
"JDL","JEDDAH SORTING CENTER → MADINA","3-4 TON","3TON/4TON","ROUND_TRIP","EXTRA","",885,"SAR","","","Primary Row 73","ACTIVE_CANDIDATE"
"JDL","JEDDAH SORTING CENTER → MADINA","5 TON","5M-5TON","ROUND_TRIP","EXTRA","",850,"SAR","","","Primary Row 74","ACTIVE_CANDIDATE"
"JDL","JEDDAH SORTING CENTER → MADINA","10 TON","6.5M-10TON","ROUND_TRIP","EXTRA","",1125,"SAR","","","Primary Row 75","ACTIVE_CANDIDATE"
"JDL","JEDDAH SORTING CENTER → MADINA","3-4 TON","3TON/4TON","ROUND_TRIP","EXTRA","",985,"SAR","","","Primary Row 76","ACTIVE_CANDIDATE"
"JDL","JEDDAH SORTING CENTER → MADINA","5 TON","5M-5TON","ROUND_TRIP","EXTRA","",895,"SAR","","","Primary Row 77","ACTIVE_CANDIDATE"
"JDL","JEDDAH SORTING CENTER → MADINA","10 TON","6.5M-10TON","ROUND_TRIP","EXTRA","",1200,"SAR","","","Primary Row 78","ACTIVE_CANDIDATE"
"JDL","DAMMAN SORTING CENTER → JUBAIL STATION","3-4 TON","3TON/4TON","ROUND_TRIP","EXTRA","",485,"SAR","","","Primary Row 79","ACTIVE_CANDIDATE"
"JDL","DAMMAN SORTING CENTER → JUBAIL STATION","5 TON","5M-5TON","ROUND_TRIP","EXTRA","",495,"SAR","","","Primary Row 80","ACTIVE_CANDIDATE"
"JDL","DAMMAN SORTING CENTER → JUBAIL STATION","10 TON","6.5M-10TON","ROUND_TRIP","EXTRA","",695,"SAR","","","Primary Row 81","ACTIVE_CANDIDATE"
"JDL","DAMMAN SORTING CENTER → HAFER AL BATIN","3-4 TON","3TON/4TON","ROUND_TRIP","EXTRA","",985,"SAR","","","Primary Row 82","ACTIVE_CANDIDATE"
"JDL","DAMMAN SORTING CENTER → HAFER AL BATIN","5 TON","5M-5TON","ROUND_TRIP","EXTRA","",800,"SAR","","","Primary Row 83","ACTIVE_CANDIDATE"
"JDL","DAMMAN SORTING CENTER → HAFER AL BATIN","10 TON","6.5M-10TON","ROUND_TRIP","EXTRA","",1225,"SAR","","","Primary Row 84","ACTIVE_CANDIDATE"
"JDL","DAMMAN SORTING CENTER → HAFER AL BATIN","3-4 TON","3TON/4TON","ROUND_TRIP","EXTRA","",1085,"SAR","","","Primary Row 85","ACTIVE_CANDIDATE"
"JDL","DAMMAN SORTING CENTER → HAFER AL BATIN","5 TON","5M-5TON","ROUND_TRIP","EXTRA","",1095,"SAR","","","Primary Row 86","ACTIVE_CANDIDATE"
"JDL","DAMMAN SORTING CENTER → HAFER AL BATIN","10 TON","6.5M-10TON","ROUND_TRIP","EXTRA","",1375,"SAR","","","Primary Row 87","ACTIVE_CANDIDATE"
"JDL","DAMMAN SORTING CENTER → HOFUF","3-4 TON","3TON/4TON","ROUND_TRIP","EXTRA","",485,"SAR","","","Primary Row 88","ACTIVE_CANDIDATE"
"JDL","DAMMAN SORTING CENTER → HOFUF","5 TON","5M-5TON","ROUND_TRIP","EXTRA","",495,"SAR","","","Primary Row 89","ACTIVE_CANDIDATE"
"JDL","DAMMAN SORTING CENTER → HOFUF","10 TON","6.5M-10TON","ROUND_TRIP","EXTRA","",700,"SAR","","","Primary Row 90","ACTIVE_CANDIDATE"
"JDL","HAIL SORTING CENTER → TABUK","3-4 TON","3TON/4TON","ROUND_TRIP","EXTRA","",1260,"SAR","","","Primary Row 91","ACTIVE_CANDIDATE"
"JDL","HAIL SORTING CENTER → TABUK","5 TON","5M-5TON","ROUND_TRIP","EXTRA","",1150,"SAR","","","Primary Row 92","ACTIVE_CANDIDATE"
"JDL","HAIL SORTING CENTER → TABUK","10 TON","6.5M-10TON","ROUND_TRIP","EXTRA","",1450,"SAR","","","Primary Row 93","ACTIVE_CANDIDATE"
"JDL","HAIL SORTING CENTER → QURAYYAT","3-4 TON","3TON/4TON","ROUND_TRIP","EXTRA","",1240,"SAR","","","Primary Row 94","ACTIVE_CANDIDATE"
"JDL","HAIL SORTING CENTER → QURAYYAT","5 TON","5M-5TON","ROUND_TRIP","EXTRA","",1200,"SAR","","","Primary Row 95","ACTIVE_CANDIDATE"
"JDL","HAIL SORTING CENTER → QURAYYAT","10 TON","6.5M-10TON","ROUND_TRIP","EXTRA","",1800,"SAR","","","Primary Row 96","ACTIVE_CANDIDATE"
"JDL","HAIL SORTING CENTER → BURAYDAH","3-4 TON","3TON/4TON","ROUND_TRIP","EXTRA","",690,"SAR","","","Primary Row 97","ACTIVE_CANDIDATE"
"JDL","HAIL SORTING CENTER → BURAYDAH","5 TON","5M-5TON","ROUND_TRIP","EXTRA","",650,"SAR","","","Primary Row 98","ACTIVE_CANDIDATE"
"JDL","HAIL SORTING CENTER → BURAYDAH","10 TON","6.5M-10TON","ROUND_TRIP","EXTRA","",895,"SAR","","","Primary Row 99","ACTIVE_CANDIDATE"
"JDL","KHAMIS SORTING CENTER → JAZAN STATION","3-4 TON","3TON/4TON","ROUND_TRIP","EXTRA","",835,"SAR","","","Primary Row 100","ACTIVE_CANDIDATE"
"JDL","KHAMIS SORTING CENTER → JAZAN STATION","5 TON","5M-5TON","ROUND_TRIP","EXTRA","",845,"SAR","","","Primary Row 101","ACTIVE_CANDIDATE"
"JDL","KHAMIS SORTING CENTER → JAZAN STATION","10 TON","6.5M-10TON","ROUND_TRIP","EXTRA","",1200,"SAR","","","Primary Row 102","ACTIVE_CANDIDATE"
"JDL","KHAMIS SORTING CENTER → JAZAN STATION","20 TON","13.5M-20TON","ROUND_TRIP","EXTRA","",2200,"SAR","","","Primary Row 103","ACTIVE_CANDIDATE"
"JDL","KHAMIS SORTING CENTER → QUNFUDHAH","5 TON","5M-5TON","ROUND_TRIP","EXTRA","",790,"SAR","","","Primary Row 104","ACTIVE_CANDIDATE"
"JDL","KHAMIS SORTING CENTER → QUNFUDHAH","10 TON","6.5M-10TON","ROUND_TRIP","EXTRA","",1100,"SAR","","","Primary Row 105","ACTIVE_CANDIDATE"
"JDL","KHAMIS SORTING CENTER → AL EDABI","5 TON","5M-5TON","ROUND_TRIP","EXTRA","",900,"SAR","","","Primary Row 106","ACTIVE_CANDIDATE"
"JDL","KHAMIS SORTING CENTER → AL EDABI","10 TON","6.5M-10TON","ROUND_TRIP","EXTRA","",1200,"SAR","","","Primary Row 107","ACTIVE_CANDIDATE"
"JDL","KHAMIS SORTING CENTER → BISHA","5 TON","5M-5TON","ROUND_TRIP","EXTRA","",600,"SAR","","","Primary Row 108","ACTIVE_CANDIDATE"
"JDL","KHAMIS SORTING CENTER → BISHA","10 TON","6.5M-10TON","ROUND_TRIP","EXTRA","",990,"SAR","","","Primary Row 109","ACTIVE_CANDIDATE"
"JDL","KHAMIS SORTING CENTER → NAJRAN STATION","5 TON","5M-5TON","ROUND_TRIP","EXTRA","",795,"SAR","","","Primary Row 110","ACTIVE_CANDIDATE"
"JDL","KHAMIS SORTING CENTER → NAJRAN STATION","10 TON","6.5M-10TON","ROUND_TRIP","EXTRA","",1080,"SAR","","","Primary Row 111","ACTIVE_CANDIDATE"
"JDL","KHAMIS SORTING CENTER → NAJRAN STATION","20 TON","13.5M-20TON","ROUND_TRIP","EXTRA","",1950,"SAR","","","Primary Row 112","ACTIVE_CANDIDATE"
"JDL","NAJRAN STATION → SHARORAH","3-4 TON","3TON/4TON","ROUND_TRIP","EXTRA","",885,"SAR","","","Primary Row 113","ACTIVE_CANDIDATE"
"JDL","NAJRAN STATION → SHARORAH","5 TON","5M-5TON","ROUND_TRIP","EXTRA","",850,"SAR","","","Primary Row 114","ACTIVE_CANDIDATE"
"JDL","NAJRAN STATION → SHARORAH","10 TON","6.5M-10TON","ROUND_TRIP","EXTRA","",1100,"SAR","","","Primary Row 115","ACTIVE_CANDIDATE"
"JDL","RIYADH SORTING CENTER → HOFUF","3-4 TON","3TON/4TON","ROUND_TRIP","EXTRA","",770,"SAR","","","Primary Row 116","ACTIVE_CANDIDATE"
"JDL","RIYADH SORTING CENTER → HOFUF","5 TON","5M-5TON","ROUND_TRIP","EXTRA","",780,"SAR","","","Primary Row 117","ACTIVE_CANDIDATE"
"JDL","RIYADH SORTING CENTER → HOFUF","10 TON","6.5M-10TON","ROUND_TRIP","EXTRA","",1050,"SAR","","","Primary Row 118","ACTIVE_CANDIDATE"
"JDL","RIYADH SORTING CENTER → QUNFUDHAH","5 TON","5M-5TON","ROUND_TRIP","EXTRA","",1400,"SAR","","","Primary Row 119","ACTIVE_CANDIDATE"
"JDL","RIYADH SORTING CENTER → QUNFUDHAH","10 TON","6.5M-10TON","ROUND_TRIP","EXTRA","",1900,"SAR","","","Primary Row 120","ACTIVE_CANDIDATE"
"JDL","RIYADH SORTING CENTER → MUHAYIL","5 TON","5M-5TON","ROUND_TRIP","EXTRA","",1800,"SAR","","","Primary Row 121","ACTIVE_CANDIDATE"
"JDL","RIYADH SORTING CENTER → MUHAYIL","10 TON","6.5M-10TON","ROUND_TRIP","EXTRA","",2200,"SAR","","","Primary Row 122","ACTIVE_CANDIDATE"
"JDL","RIYADH SORTING CENTER → QUNFUDHAH","5 TON","5M-5TON","ROUND_TRIP","EXTRA","",1850,"SAR","","","Primary Row 123","ACTIVE_CANDIDATE"
"JDL","RIYADH SORTING CENTER → QUNFUDHAH","10 TON","6.5M-10TON","ROUND_TRIP","EXTRA","",2950,"SAR","","","Primary Row 124","ACTIVE_CANDIDATE"
"JDL","RIYADH SORTING CENTER → MADINA","5 TON","5M-5TON","ROUND_TRIP","EXTRA","",1600,"SAR","","","Primary Row 125","ACTIVE_CANDIDATE"
"JDL","RIYADH SORTING CENTER → MADINA","10 TON","6.5M-10TON","ROUND_TRIP","EXTRA","",1800,"SAR","","","Primary Row 126","ACTIVE_CANDIDATE"
"JDL","RIYADH SORTING CENTER → BURAYDAH","5 TON","5M-5TON","ROUND_TRIP","EXTRA","",710,"SAR","","","Primary Row 127","ACTIVE_CANDIDATE"
"JDL","RIYADH SORTING CENTER → BURAYDAH","10 TON","6.5M-10TON","ROUND_TRIP","EXTRA","",1000,"SAR","","","Primary Row 128","ACTIVE_CANDIDATE"
"JDL","RIYADH SORTING CENTER → HAFER AL BATIN","5 TON","5M-5TON","ROUND_TRIP","EXTRA","",995,"SAR","","","Primary Row 129","ACTIVE_CANDIDATE"
"JDL","RIYADH SORTING CENTER → HAFER AL BATIN","10 TON","6.5M-10TON","ROUND_TRIP","EXTRA","",1150,"SAR","","","Primary Row 130","ACTIVE_CANDIDATE"
"JDL","RIYADH SORTING CENTER → MAKKAH","5 TON","5M-5TON","ROUND_TRIP","EXTRA","",1400,"SAR","","","Primary Row 131","ACTIVE_CANDIDATE"
"JDL","RIYADH SORTING CENTER → MAKKAH","10 TON","6.5M-10TON","ROUND_TRIP","EXTRA","",1700,"SAR","","","Primary Row 132","ACTIVE_CANDIDATE"
"JDL","RIYADH SORTING CENTER → NAJRAN STATION","5 TON","5M-5TON","ROUND_TRIP","EXTRA","",1530,"SAR","","","Primary Row 133","ACTIVE_CANDIDATE"
"JDL","RIYADH SORTING CENTER → NAJRAN STATION","10 TON","6.5M-10TON","ROUND_TRIP","EXTRA","",1800,"SAR","","","Primary Row 134","ACTIVE_CANDIDATE"
"JDL","RIYADH SORTING CENTER → BISHA","5 TON","5M-5TON","ROUND_TRIP","EXTRA","",1100,"SAR","","","Primary Row 135","ACTIVE_CANDIDATE"
"JDL","RIYADH SORTING CENTER → BISHA","10 TON","6.5M-10TON","ROUND_TRIP","EXTRA","",1500,"SAR","","","Primary Row 136","ACTIVE_CANDIDATE"
"JDL","RIYADH SORTING CENTER → RIYADH STATION(SULAY/TUWAIQ/AZIZYAH/ALKHARJ)","3-4 TON","3TON/4TON","ROUND_TRIP","MONTHLY","",9500,"SAR","","","Primary Row 137","ACTIVE_CANDIDATE"
"JDL","RIYADH SORTING CENTER → RIYADH STATION(SULAY/TUWAIQ/AZIZYAH/ALKHARJ)","5 TON","5M-5TON","ROUND_TRIP","MONTHLY","",9995,"SAR","","","Primary Row 138","ACTIVE_CANDIDATE"
"JDL","RIYADH SORTING CENTER → RIYADH STATION(SULAY/TUWAIQ/AZIZYAH/ALKHARJ)","10 TON","6.5M-10TON","ROUND_TRIP","MONTHLY","",11610,"SAR","","","Primary Row 139","ACTIVE_CANDIDATE"
"JDL","RIYADH SORTING CENTER → DUWADIMI","3-4 TON","3TON/4TON","ROUND_TRIP","MONTHLY","",15500,"SAR","","","Primary Row 140","ACTIVE_CANDIDATE"
"JDL","RIYADH SORTING CENTER → DUWADIMI","5 TON","5M-5TON","ROUND_TRIP","MONTHLY","",15995,"SAR","","","Primary Row 141","ACTIVE_CANDIDATE"
"JDL","RIYADH SORTING CENTER → DUWADIMI","10 TON","6.5M-10TON","ROUND_TRIP","MONTHLY","",17990,"SAR","","","Primary Row 142","ACTIVE_CANDIDATE"
"JDL","RUH AIRPORT → RIYADH SORTING CENTER","10 TON","6.5M-10TON","ROUND_TRIP","MONTHLY","",11610,"SAR","","","Primary Row 143","ACTIVE_CANDIDATE"
"JDL","RUH AIRPORT → RIYADH SORTING CENTER","20 TON","13.5M-20TON","ROUND_TRIP","MONTHLY","",36000,"SAR","","","Primary Row 144","ACTIVE_CANDIDATE"
"JDL","DMM AIRPORT → DAMMAN SORTING CENTER","10 TON","6.5M-10TON","ROUND_TRIP","MONTHLY","",12990,"SAR","","","Primary Row 145","ACTIVE_CANDIDATE"
"JDL","DMM AIRPORT → DAMMAN SORTING CENTER","20 TON","13.5M-20TON","ROUND_TRIP","MONTHLY","",36000,"SAR","","","Primary Row 146","ACTIVE_CANDIDATE"
"JDL","JED AIRPORT → JEDDAH SORTING CENTER","10 TON","6.5M-10TON","ROUND_TRIP","MONTHLY","",13050,"SAR","","","Primary Row 147","ACTIVE_CANDIDATE"
"JDL","JED AIRPORT → JEDDAH SORTING CENTER","20 TON","13.5M-20TON","ROUND_TRIP","MONTHLY","",36000,"SAR","","","Primary Row 148","ACTIVE_CANDIDATE"
"JDL","RIYADH → KHAMIS","10 TON","6.5M-10TON","ROUND_TRIP","MONTHLY","",23400,"SAR","","","Primary Row 149","ACTIVE_CANDIDATE"
"JDL","RIYADH → KHAMIS","20 TON","13.5M-20TON","ROUND_TRIP","MONTHLY","",63000,"SAR","","","Primary Row 150","ACTIVE_CANDIDATE"
"JDL","RIYADH → JEDDAH","10 TON","6.5M-10TON","ROUND_TRIP","MONTHLY","",22500,"SAR","","","Primary Row 151","ACTIVE_CANDIDATE"
"JDL","RIYADH → JEDDAH","20 TON","13.5M-20TON","ROUND_TRIP","MONTHLY","",56250,"SAR","","","Primary Row 152","ACTIVE_CANDIDATE"
"JDL","RIYADH → DAMMAN","10 TON","6.5M-10TON","ROUND_TRIP","MONTHLY","",22995,"SAR","","","Primary Row 153","ACTIVE_CANDIDATE"
"JDL","RIYADH → DAMMAN","20 TON","13.5M-20TON","ROUND_TRIP","MONTHLY","",39500,"SAR","","","Primary Row 154","ACTIVE_CANDIDATE"
"JDL","RIYADH → DAMMAN","10 TON","6.5M-10TON","ROUND_TRIP","MONTHLY","",22450,"SAR","","","Primary Row 155","ACTIVE_CANDIDATE"
"JDL","RIYADH → DAMMAN","20 TON","13.5M-20TON","ROUND_TRIP","MONTHLY","",33750,"SAR","","","Primary Row 156","ACTIVE_CANDIDATE"
"JDL","RIYADH → HAIL","10 TON","6.5M-10TON","ROUND_TRIP","MONTHLY","",21330,"SAR","","","Primary Row 157","ACTIVE_CANDIDATE"
"JDL","RIYADH → HAIL","20 TON","13.5M-20TON","ROUND_TRIP","MONTHLY","",63000,"SAR","","","Primary Row 158","ACTIVE_CANDIDATE"
"JDL","RIYADH → HAIL","10 TON","6.5M-10TON","ROUND_TRIP","MONTHLY","",20115,"SAR","","","Primary Row 159","ACTIVE_CANDIDATE"
"JDL","RIYADH → HAIL","20 TON","13.5M-20TON","ROUND_TRIP","MONTHLY","",61500,"SAR","","","Primary Row 160","ACTIVE_CANDIDATE"
"JDL","JEDDAH → RIYADH","10 TON","6.5M-10TON","ROUND_TRIP","MONTHLY","",26730,"SAR","","","Primary Row 161","ACTIVE_CANDIDATE"
"JDL","JEDDAH → RIYADH","20 TON","13.5M-20TON","ROUND_TRIP","MONTHLY","",56250,"SAR","","","Primary Row 162","ACTIVE_CANDIDATE"
"JDL","DAMMAN → RIYADH","10 TON","6.5M-10TON","ROUND_TRIP","MONTHLY","",22995,"SAR","","","Primary Row 163","ACTIVE_CANDIDATE"
"JDL","DAMMAN → RIYADH","20 TON","13.5M-20TON","ROUND_TRIP","MONTHLY","",39500,"SAR","","","Primary Row 164","ACTIVE_CANDIDATE"
"JDL","RIYADH SORTING CENTER → MADINA","5 TON","5M-5TON","ROUND_TRIP","MONTHLY","",19500,"SAR","","","Primary Row 165","ACTIVE_CANDIDATE"
"JDL","RIYADH SORTING CENTER → MADINA","10 TON","6.5M-10TON","ROUND_TRIP","MONTHLY","",22500,"SAR","","","Primary Row 166","ACTIVE_CANDIDATE"
"JDL","RIYADH SORTING CENTER → YANBU","3-4 TON","3TON/4TON","ROUND_TRIP","MONTHLY","",21000,"SAR","","","Primary Row 167","ACTIVE_CANDIDATE"
"JDL","RIYADH SORTING CENTER → YANBU","5 TON","5M-5TON","ROUND_TRIP","MONTHLY","",22000,"SAR","","","Primary Row 168","ACTIVE_CANDIDATE"
"JDL","RIYADH SORTING CENTER → YANBU","10 TON","6.5M-10TON","ROUND_TRIP","MONTHLY","",24435,"SAR","","","Primary Row 169","ACTIVE_CANDIDATE"
"JDL","RIYADH SORTING CENTER → YANBU","3-4 TON","3TON/4TON","ROUND_TRIP","MONTHLY","",22000,"SAR","","","Primary Row 170","ACTIVE_CANDIDATE"
"JDL","RIYADH SORTING CENTER → YANBU","5 TON","5M-5TON","ROUND_TRIP","MONTHLY","",22000,"SAR","","","Primary Row 171","ACTIVE_CANDIDATE"
"JDL","RIYADH SORTING CENTER → YANBU","10 TON","6.5M-10TON","ROUND_TRIP","MONTHLY","",26055,"SAR","","","Primary Row 172","ACTIVE_CANDIDATE"
"JDL","JEDDAH SORTING CENTER → MAKKAH","3-4 TON","3TON/4TON","ROUND_TRIP","MONTHLY","",12000,"SAR","","","Primary Row 173","ACTIVE_CANDIDATE"
"JDL","JEDDAH SORTING CENTER → MAKKAH","5 TON","5M-5TON","ROUND_TRIP","MONTHLY","",10500,"SAR","","","Primary Row 174","ACTIVE_CANDIDATE"
"JDL","JEDDAH SORTING CENTER → MAKKAH","10 TON","6.5M-10TON","ROUND_TRIP","MONTHLY","",14850,"SAR","","","Primary Row 175","ACTIVE_CANDIDATE"
"JDL","JEDDAH SORTING CENTER → TAIF","3-4 TON","3TON/4TON","ROUND_TRIP","MONTHLY","",14500,"SAR","","","Primary Row 176","ACTIVE_CANDIDATE"
"JDL","JEDDAH SORTING CENTER → TAIF","5 TON","5M-5TON","ROUND_TRIP","MONTHLY","",14900,"SAR","","","Primary Row 177","ACTIVE_CANDIDATE"
"JDL","JEDDAH SORTING CENTER → TAIF","10 TON","6.5M-10TON","ROUND_TRIP","MONTHLY","",17450,"SAR","","","Primary Row 178","ACTIVE_CANDIDATE"
"JDL","JEDDAH SORTING CENTER → TAIF","5 TON","5M-5TON","ROUND_TRIP","MONTHLY","",15000,"SAR","","","Primary Row 179","ACTIVE_CANDIDATE"
"JDL","JEDDAH SORTING CENTER → TAIF","10 TON","6.5M-10TON","ROUND_TRIP","MONTHLY","",17995,"SAR","","","Primary Row 180","ACTIVE_CANDIDATE"
"JDL","JEDDAH SORTING CENTER → YANBU","3-4 TON","3TON/4TON","ROUND_TRIP","MONTHLY","",18500,"SAR","","","Primary Row 181","ACTIVE_CANDIDATE"
"JDL","JEDDAH SORTING CENTER → YANBU","5 TON","5M-5TON","ROUND_TRIP","MONTHLY","",18900,"SAR","","","Primary Row 182","ACTIVE_CANDIDATE"
"JDL","JEDDAH SORTING CENTER → YANBU","10 TON","6.5M-10TON","ROUND_TRIP","MONTHLY","",22950,"SAR","","","Primary Row 183","ACTIVE_CANDIDATE"
"JDL","JEDDAH SORTING CENTER → MADINA","3-4 TON","3TON/4TON","ROUND_TRIP","MONTHLY","",20500,"SAR","","","Primary Row 184","ACTIVE_CANDIDATE"
"JDL","JEDDAH SORTING CENTER → MADINA","5 TON","5M-5TON","ROUND_TRIP","MONTHLY","",20000,"SAR","","","Primary Row 185","ACTIVE_CANDIDATE"
"JDL","JEDDAH SORTING CENTER → MADINA","10 TON","6.5M-10TON","ROUND_TRIP","MONTHLY","",23850,"SAR","","","Primary Row 186","ACTIVE_CANDIDATE"
"JDL","JEDDAH SORTING CENTER → MADINA","5 TON","5M-5TON","ROUND_TRIP","MONTHLY","",20900,"SAR","","","Primary Row 187","ACTIVE_CANDIDATE"
"JDL","JEDDAH SORTING CENTER → MADINA","10 TON","6.5M-10TON","ROUND_TRIP","MONTHLY","",24500,"SAR","","","Primary Row 188","ACTIVE_CANDIDATE"
"JDL","DAMMAN SORTING CENTER → JUBAIL STATION","3-4 TON","3TON/4TON","ROUND_TRIP","MONTHLY","",12500,"SAR","","","Primary Row 189","ACTIVE_CANDIDATE"
"JDL","DAMMAN SORTING CENTER → JUBAIL STATION","5 TON","5M-5TON","ROUND_TRIP","MONTHLY","",12990,"SAR","","","Primary Row 190","ACTIVE_CANDIDATE"
"JDL","DAMMAN SORTING CENTER → JUBAIL STATION","10 TON","6.5M-10TON","ROUND_TRIP","MONTHLY","",14850,"SAR","","","Primary Row 191","ACTIVE_CANDIDATE"
"JDL","DAMMAN SORTING CENTER → HAFER AL BATIN","3-4 TON","3TON/4TON","ROUND_TRIP","MONTHLY","",18250,"SAR","","","Primary Row 192","ACTIVE_CANDIDATE"
"JDL","DAMMAN SORTING CENTER → HAFER AL BATIN","5 TON","5M-5TON","ROUND_TRIP","MONTHLY","",18500,"SAR","","","Primary Row 193","ACTIVE_CANDIDATE"
"JDL","DAMMAN SORTING CENTER → HAFER AL BATIN","10 TON","6.5M-10TON","ROUND_TRIP","MONTHLY","",23500,"SAR","","","Primary Row 194","ACTIVE_CANDIDATE"
"JDL","DAMMAN SORTING CENTER → HAFER AL BATIN","3-4 TON","3TON/4TON","ROUND_TRIP","MONTHLY","",19000,"SAR","","","Primary Row 195","ACTIVE_CANDIDATE"
"JDL","DAMMAN SORTING CENTER → HAFER AL BATIN","5 TON","5M-5TON","ROUND_TRIP","MONTHLY","",18500,"SAR","","","Primary Row 196","ACTIVE_CANDIDATE"
"JDL","DAMMAN SORTING CENTER → HAFER AL BATIN","10 TON","6.5M-10TON","ROUND_TRIP","MONTHLY","",23000,"SAR","","","Primary Row 197","ACTIVE_CANDIDATE"
"JDL","DAMMAN SORTING CENTER → HOFUF","3-4 TON","3TON/4TON","ROUND_TRIP","MONTHLY","",12250,"SAR","","","Primary Row 198","ACTIVE_CANDIDATE"
"JDL","DAMMAN SORTING CENTER → HOFUF","5 TON","5M-5TON","ROUND_TRIP","MONTHLY","",12500,"SAR","","","Primary Row 199","ACTIVE_CANDIDATE"
"JDL","DAMMAN SORTING CENTER → HOFUF","10 TON","6.5M-10TON","ROUND_TRIP","MONTHLY","",15850,"SAR","","","Primary Row 200","ACTIVE_CANDIDATE"
"JDL","HAIL SORTING CENTER → TABUK","3-4 TON","3TON/4TON","ROUND_TRIP","MONTHLY","",18500,"SAR","","","Primary Row 201","ACTIVE_CANDIDATE"
"JDL","HAIL SORTING CENTER → TABUK","5 TON","5M-5TON","ROUND_TRIP","MONTHLY","",18900,"SAR","","","Primary Row 202","ACTIVE_CANDIDATE"
"JDL","HAIL SORTING CENTER → TABUK","10 TON","6.5M-10TON","ROUND_TRIP","MONTHLY","",22815,"SAR","","","Primary Row 203","ACTIVE_CANDIDATE"
"JDL","HAIL SORTING CENTER → QURAYYAT","3-4 TON","3TON/4TON","ROUND_TRIP","MONTHLY","",14250,"SAR","","","Primary Row 204","ACTIVE_CANDIDATE"
"JDL","HAIL SORTING CENTER → QURAYYAT","5 TON","5M-5TON","ROUND_TRIP","MONTHLY","",14500,"SAR","","","Primary Row 205","ACTIVE_CANDIDATE"
"JDL","HAIL SORTING CENTER → QURAYYAT","10 TON","6.5M-10TON","ROUND_TRIP","MONTHLY","",15210,"SAR","","","Primary Row 206","ACTIVE_CANDIDATE"
"JDL","HAIL SORTING CENTER → BURAYDAH","3-4 TON","3TON/4TON","ROUND_TRIP","MONTHLY","",16500,"SAR","","","Primary Row 207","ACTIVE_CANDIDATE"
"JDL","HAIL SORTING CENTER → BURAYDAH","5 TON","5M-5TON","ROUND_TRIP","MONTHLY","",16900,"SAR","","","Primary Row 208","ACTIVE_CANDIDATE"
"JDL","HAIL SORTING CENTER → BURAYDAH","10 TON","6.5M-10TON","ROUND_TRIP","MONTHLY","",18900,"SAR","","","Primary Row 209","ACTIVE_CANDIDATE"
"JDL","KHAMIS SORTING CENTER → JAZAN STATION","3-4 TON","3TON/4TON","ROUND_TRIP","MONTHLY","",18500,"SAR","","","Primary Row 210","ACTIVE_CANDIDATE"
"JDL","KHAMIS SORTING CENTER → JAZAN STATION","5 TON","5M-5TON","ROUND_TRIP","MONTHLY","",18900,"SAR","","","Primary Row 211","ACTIVE_CANDIDATE"
"JDL","KHAMIS SORTING CENTER → JAZAN STATION","10 TON","6.5M-10TON","ROUND_TRIP","MONTHLY","",22600,"SAR","","","Primary Row 212","ACTIVE_CANDIDATE"
"JDL","KHAMIS SORTING CENTER → JAZAN STATION","20 TON","13.5M-20TON","ROUND_TRIP","MONTHLY","",39500,"SAR","","","Primary Row 213","ACTIVE_CANDIDATE"
"JDL","KHAMIS SORTING CENTER → QUNFUDHAH","3-4 TON","3TON/4TON","ROUND_TRIP","MONTHLY","",16500,"SAR","","","Primary Row 214","ACTIVE_CANDIDATE"
"JDL","KHAMIS SORTING CENTER → QUNFUDHAH","5 TON","5M-5TON","ROUND_TRIP","MONTHLY","",16830,"SAR","","","Primary Row 215","ACTIVE_CANDIDATE"
"JDL","KHAMIS SORTING CENTER → QUNFUDHAH","10 TON","6.5M-10TON","ROUND_TRIP","MONTHLY","",20835,"SAR","","","Primary Row 216","ACTIVE_CANDIDATE"
"JDL","KHAMIS SORTING CENTER → AL EDABI","3-4 TON","3TON/4TON","ROUND_TRIP","MONTHLY","",16500,"SAR","","","Primary Row 217","ACTIVE_CANDIDATE"
"JDL","KHAMIS SORTING CENTER → AL EDABI","5 TON","5M-5TON","ROUND_TRIP","MONTHLY","",18000,"SAR","","","Primary Row 218","ACTIVE_CANDIDATE"
"JDL","KHAMIS SORTING CENTER → AL EDABI","10 TON","6.5M-10TON","ROUND_TRIP","MONTHLY","",22000,"SAR","","","Primary Row 219","ACTIVE_CANDIDATE"
"JDL","KHAMIS SORTING CENTER → BISHA","3-4 TON","3TON/4TON","ROUND_TRIP","MONTHLY","",15500,"SAR","","","Primary Row 220","ACTIVE_CANDIDATE"
"JDL","KHAMIS SORTING CENTER → BISHA","5 TON","5M-5TON","ROUND_TRIP","MONTHLY","",12500,"SAR","","","Primary Row 221","ACTIVE_CANDIDATE"
"JDL","KHAMIS SORTING CENTER → BISHA","10 TON","6.5M-10TON","ROUND_TRIP","MONTHLY","",14500,"SAR","","","Primary Row 222","ACTIVE_CANDIDATE"
"JDL","KHAMIS SORTING CENTER → NAJRAN STATION","3-4 TON","3TON/4TON","ROUND_TRIP","MONTHLY","",15500,"SAR","","","Primary Row 223","ACTIVE_CANDIDATE"
"JDL","KHAMIS SORTING CENTER → NAJRAN STATION","5 TON","5M-5TON","ROUND_TRIP","MONTHLY","",15900,"SAR","","","Primary Row 224","ACTIVE_CANDIDATE"
"JDL","KHAMIS SORTING CENTER → NAJRAN STATION","10 TON","6.5M-10TON","ROUND_TRIP","MONTHLY","",18450,"SAR","","","Primary Row 225","ACTIVE_CANDIDATE"
"JDL","KHAMIS SORTING CENTER → NAJRAN STATION","20 TON","13.5M-20TON","ROUND_TRIP","MONTHLY","",61500,"SAR","","","Primary Row 226","ACTIVE_CANDIDATE"
"JDL","NAJRAN STATION → SHARORAH","3-4 TON","3TON/4TON","ROUND_TRIP","MONTHLY","",17000,"SAR","","","Primary Row 227","ACTIVE_CANDIDATE"
"JDL","NAJRAN STATION → SHARORAH","5 TON","5M-5TON","ROUND_TRIP","MONTHLY","",17450,"SAR","","","Primary Row 228","ACTIVE_CANDIDATE"
"JDL","NAJRAN STATION → SHARORAH","10 TON","6.5M-10TON","ROUND_TRIP","MONTHLY","",20900,"SAR","","","Primary Row 229","ACTIVE_CANDIDATE"
"JDL","RIYADH SORTING CENTER → HOFUF","3-4 TON","3TON/4TON","ROUND_TRIP","MONTHLY","",18500,"SAR","","","Primary Row 230","ACTIVE_CANDIDATE"
"JDL","RIYADH SORTING CENTER → HOFUF","5 TON","5M-5TON","ROUND_TRIP","MONTHLY","",18400,"SAR","","","Primary Row 231","ACTIVE_CANDIDATE"
"JDL","RIYADH SORTING CENTER → HOFUF","10 TON","6.5M-10TON","ROUND_TRIP","MONTHLY","",21950,"SAR","","","Primary Row 232","ACTIVE_CANDIDATE"
"JDL","RIYADH SORTING CENTER → QUNFUDHAH","5 TON","5M-5TON","ROUND_TRIP","MONTHLY","",21100,"SAR","","","Primary Row 233","ACTIVE_CANDIDATE"
"JDL","RIYADH SORTING CENTER → QUNFUDHAH","10 TON","6.5M-10TON","ROUND_TRIP","MONTHLY","",26055,"SAR","","","Primary Row 234","ACTIVE_CANDIDATE"
"JDL","RIYADH SORTING CENTER → MUHAYIL","5 TON","5M-5TON","ROUND_TRIP","MONTHLY","",23000,"SAR","","","Primary Row 235","ACTIVE_CANDIDATE"
"JDL","RIYADH SORTING CENTER → MUHAYIL","10 TON","6.5M-10TON","ROUND_TRIP","MONTHLY","",26055,"SAR","","","Primary Row 236","ACTIVE_CANDIDATE"
"JDL","RIYADH SORTING CENTER → QUNFUDHAH","5 TON","5M-5TON","ROUND_TRIP","MONTHLY","",23000,"SAR","","","Primary Row 237","ACTIVE_CANDIDATE"
"JDL","RIYADH SORTING CENTER → QUNFUDHAH","10 TON","6.5M-10TON","ROUND_TRIP","MONTHLY","",26955,"SAR","","","Primary Row 238","ACTIVE_CANDIDATE"
"JDL","RIYADH SORTING CENTER → MADINA","5 TON","5M-5TON","ROUND_TRIP","MONTHLY","",20745,"SAR","","","Primary Row 239","ACTIVE_CANDIDATE"
"JDL","RIYADH SORTING CENTER → MADINA","10 TON","6.5M-10TON","ROUND_TRIP","MONTHLY","",24435,"SAR","","","Primary Row 240","ACTIVE_CANDIDATE"
"JDL","RIYADH SORTING CENTER → BURAYDAH","3-4 TON","3TON/4TON","ROUND_TRIP","MONTHLY","",13200,"SAR","","","Primary Row 241","ACTIVE_CANDIDATE"
"JDL","RIYADH SORTING CENTER → BURAYDAH","5 TON","5M-5TON","ROUND_TRIP","MONTHLY","",19900,"SAR","","","Primary Row 242","ACTIVE_CANDIDATE"
"JDL","RIYADH SORTING CENTER → BURAYDAH","10 TON","6.5M-10TON","ROUND_TRIP","MONTHLY","",22990,"SAR","","","Primary Row 243","ACTIVE_CANDIDATE"
"JDL","RIYADH SORTING CENTER → HAFER AL BATIN","3-4 TON","3TON/4TON","ROUND_TRIP","MONTHLY","",20000,"SAR","","","Primary Row 244","ACTIVE_CANDIDATE"
"JDL","RIYADH SORTING CENTER → HAFER AL BATIN","5 TON","5M-5TON","ROUND_TRIP","MONTHLY","",19900,"SAR","","","Primary Row 245","ACTIVE_CANDIDATE"
"JDL","RIYADH SORTING CENTER → HAFER AL BATIN","10 TON","6.5M-10TON","ROUND_TRIP","MONTHLY","",23900,"SAR","","","Primary Row 246","ACTIVE_CANDIDATE"
"JDL","RIYADH SORTING CENTER → MAKKAH","3-4 TON","3TON/4TON","ROUND_TRIP","MONTHLY","",21000,"SAR","","","Primary Row 247","ACTIVE_CANDIDATE"
"JDL","RIYADH SORTING CENTER → MAKKAH","5 TON","5M-5TON","ROUND_TRIP","MONTHLY","",21490,"SAR","","","Primary Row 248","ACTIVE_CANDIDATE"
"JDL","RIYADH SORTING CENTER → MAKKAH","10 TON","6.5M-10TON","ROUND_TRIP","MONTHLY","",23900,"SAR","","","Primary Row 249","ACTIVE_CANDIDATE"
"JDL","RIYADH SORTING CENTER → NAJRAN STATION","3-4 TON","3TON/4TON","ROUND_TRIP","MONTHLY","",21500,"SAR","","","Primary Row 250","ACTIVE_CANDIDATE"
"JDL","RIYADH SORTING CENTER → NAJRAN STATION","5 TON","5M-5TON","ROUND_TRIP","MONTHLY","",21990,"SAR","","","Primary Row 251","ACTIVE_CANDIDATE"
"JDL","RIYADH SORTING CENTER → NAJRAN STATION","10 TON","6.5M-10TON","ROUND_TRIP","MONTHLY","",23990,"SAR","","","Primary Row 252","ACTIVE_CANDIDATE"
"JDL","RIYADH SORTING CENTER → BISHA","3-4 TON","3TON/4TON","ROUND_TRIP","MONTHLY","",20500,"SAR","","","Primary Row 253","ACTIVE_CANDIDATE"
"JDL","RIYADH SORTING CENTER → BISHA","5 TON","5M-5TON","ROUND_TRIP","MONTHLY","",20655,"SAR","","","Primary Row 254","ACTIVE_CANDIDATE"
"JDL","RIYADH SORTING CENTER → BISHA","10 TON","6.5M-10TON","ROUND_TRIP","MONTHLY","",25605,"SAR","","","Primary Row 255","ACTIVE_CANDIDATE"
"JDL","RIYADH → MAXIMUM 12H","3-4 TON","3TON/4TON","SINGLE_TRIP","EXTRA","",440,"SAR","","","Primary Row 256","ACTIVE_CANDIDATE"
"JDL","RIYADH → MAXIMUM 12H","5 TON","5M-5TON","SINGLE_TRIP","EXTRA","",450,"SAR","","","Primary Row 257","ACTIVE_CANDIDATE"
"JDL","RIYADH → MAXIMUM 12H","10 TON","6.5M-10TON","SINGLE_TRIP","EXTRA","",550,"SAR","","","Primary Row 258","ACTIVE_CANDIDATE"
"JDL","RIYADH → MAXIMUM 12H","20 TON","13.5M-20TON","SINGLE_TRIP","EXTRA","",850,"SAR","","","Primary Row 259","ACTIVE_CANDIDATE"
"JDL","JEDDAH → MAXIMUM 12H","3-4 TON","3TON/4TON","SINGLE_TRIP","EXTRA","",390,"SAR","","","Primary Row 260","ACTIVE_CANDIDATE"
"JDL","JEDDAH → MAXIMUM 12H","5 TON","5M-5TON","SINGLE_TRIP","EXTRA","",400,"SAR","","","Primary Row 261","ACTIVE_CANDIDATE"
"JDL","JEDDAH → MAXIMUM 12H","10 TON","6.5M-10TON","SINGLE_TRIP","EXTRA","",500,"SAR","","","Primary Row 262","ACTIVE_CANDIDATE"
"JDL","JEDDAH → MAXIMUM 12H","20 TON","13.5M-20TON","SINGLE_TRIP","EXTRA","",850,"SAR","","","Primary Row 263","ACTIVE_CANDIDATE"
"JDL","DAMMAN → MAXIMUM 12H","3-4 TON","3TON/4TON","SINGLE_TRIP","EXTRA","",490,"SAR","","","Primary Row 264","ACTIVE_CANDIDATE"
"JDL","DAMMAN → MAXIMUM 12H","5 TON","5M-5TON","SINGLE_TRIP","EXTRA","",500,"SAR","","","Primary Row 265","ACTIVE_CANDIDATE"
"JDL","DAMMAN → MAXIMUM 12H","10 TON","6.5M-10TON","SINGLE_TRIP","EXTRA","",600,"SAR","","","Primary Row 266","ACTIVE_CANDIDATE"
"JDL","DAMMAN → MAXIMUM 12H","20 TON","13.5M-20TON","SINGLE_TRIP","EXTRA","",890,"SAR","","","Primary Row 267","ACTIVE_CANDIDATE"
"JDL","HAIL → MAXIMUM 12H","3-4 TON","3TON/4TON","SINGLE_TRIP","EXTRA","",490,"SAR","","","Primary Row 268","ACTIVE_CANDIDATE"
"JDL","HAIL → MAXIMUM 12H","5 TON","5M-5TON","SINGLE_TRIP","EXTRA","",500,"SAR","","","Primary Row 269","ACTIVE_CANDIDATE"
"JDL","HAIL → MAXIMUM 12H","10 TON","6.5M-10TON","SINGLE_TRIP","EXTRA","",600,"SAR","","","Primary Row 270","ACTIVE_CANDIDATE"
"JDL","HAIL → MAXIMUM 12H","20 TON","13.5M-20TON","SINGLE_TRIP","EXTRA","",890,"SAR","","","Primary Row 271","ACTIVE_CANDIDATE"
"JDL","KHAMIS → MAXIMUM 12H","3-4 TON","3TON/4TON","SINGLE_TRIP","EXTRA","",490,"SAR","","","Primary Row 272","ACTIVE_CANDIDATE"
"JDL","KHAMIS → MAXIMUM 12H","5 TON","5M-5TON","SINGLE_TRIP","EXTRA","",500,"SAR","","","Primary Row 273","ACTIVE_CANDIDATE"
"JDL","KHAMIS → MAXIMUM 12H","10 TON","6.5M-10TON","SINGLE_TRIP","EXTRA","",600,"SAR","","","Primary Row 274","ACTIVE_CANDIDATE"
"JDL","KHAMIS → MAXIMUM 12H","20 TON","13.5M-20TON","SINGLE_TRIP","EXTRA","",890,"SAR","","","Primary Row 275","ACTIVE_CANDIDATE"
"iMile","DAMMAM RDC → AL-KHOBAR","5 TON","5M-5TON","ROUND_TRIP","EXTRA","",475,"SAR","","","Primary Row 276","ACTIVE_CANDIDATE"
"iMile","DAMMAM RDC → AL-KHOBAR","10 TON","6.5M-10TON","ROUND_TRIP","EXTRA","",545,"SAR","","","Primary Row 277","ACTIVE_CANDIDATE"
"iMile","DAMMAM RDC → HAIL RDC","10 TON","6.5M-10TON","ROUND_TRIP","EXTRA","",2300,"SAR","","","Primary Row 278","ACTIVE_CANDIDATE"
"iMile","DAMMAM RDC → HAIL RDC","20 TON","13.5M-20TON","ROUND_TRIP","EXTRA","",3100,"SAR","","","Primary Row 279","ACTIVE_CANDIDATE"
"iMile","DAMMAM RDC → HOFUF STATION","10 TON","6.5M-10TON","ROUND_TRIP","EXTRA","",739,"SAR","","","Primary Row 280","ACTIVE_CANDIDATE"
"iMile","DAMMAM RDC → HOFUF STATION","20 TON","13.5M-20TON","ROUND_TRIP","EXTRA","",1300,"SAR","","","Primary Row 281","ACTIVE_CANDIDATE"
"iMile","DAMMAM RDC → JEDDAH DISTRIBUTION CENTRE","20 TON","13.5M-20TON","ROUND_TRIP","EXTRA","",3325,"SAR","","","Primary Row 282","ACTIVE_CANDIDATE"
"iMile","DAMMAM RDC → JUBAIL","5 TON","5M-5TON","ROUND_TRIP","EXTRA","",499,"SAR","","","Primary Row 283","ACTIVE_CANDIDATE"
"iMile","DAMMAM RDC → JUBAIL","10 TON","6.5M-10TON","ROUND_TRIP","EXTRA","",625,"SAR","","","Primary Row 284","ACTIVE_CANDIDATE"
"iMile","DAMMAM RDC → KHAMIS MUSHAIT DISTRIBUTION CENTRE","20 TON","13.5M-20TON","ROUND_TRIP","EXTRA","",3900,"SAR","","","Primary Row 285","ACTIVE_CANDIDATE"
"iMile","DAMMAM RDC → KHF02 STATION","5 TON","5M-5TON","ROUND_TRIP","EXTRA","",719,"SAR","","","Primary Row 286","ACTIVE_CANDIDATE"
"iMile","DAMMAM RDC → KHF02 STATION","10 TON","6.5M-10TON","ROUND_TRIP","EXTRA","",920,"SAR","","","Primary Row 287","ACTIVE_CANDIDATE"
"iMile","DAMMAM RDC → MECCA AL-HUJJ STATION","20 TON","13.5M-20TON","ROUND_TRIP","EXTRA","",3650,"SAR","","","Primary Row 288","ACTIVE_CANDIDATE"
"iMile","DAMMAM RDC → RIYADH AL AARID STATION","10 TON","6.5M-10TON","ROUND_TRIP","EXTRA","",924,"SAR","","","Primary Row 289","ACTIVE_CANDIDATE"
"iMile","DAMMAM RDC → RIYADH CENTRE","20 TON","13.5M-20TON","ROUND_TRIP","EXTRA","",1590,"SAR","","","Primary Row 290","ACTIVE_CANDIDATE"
"iMile","DAMMAM RDC → RIYADH DISPATCH STATION","10 TON","6.5M-10TON","ROUND_TRIP","EXTRA","",924,"SAR","","","Primary Row 291","ACTIVE_CANDIDATE"
"iMile","DAMMAM RDC → RIYADH DISPATCH STATION","20 TON","13.5M-20TON","ROUND_TRIP","EXTRA","",1590,"SAR","","","Primary Row 292","ACTIVE_CANDIDATE"
"iMile","DAMMAM RDC → RIYADH STATION","20 TON","13.5M-20TON","ROUND_TRIP","EXTRA","",1590,"SAR","","","Primary Row 293","ACTIVE_CANDIDATE"
"iMile","DAMMAM RDC → TUWAIQ STATION","10 TON","6.5M-10TON","ROUND_TRIP","EXTRA","",974,"SAR","","","Primary Row 294","ACTIVE_CANDIDATE"
"iMile","DAMMAM RDC → TUWAIQ STATION","20 TON","13.5M-20TON","ROUND_TRIP","EXTRA","",1590,"SAR","","","Primary Row 295","ACTIVE_CANDIDATE"
"iMile","HAIL STATION → ARAR STATION","10 TON","6.5M-10TON","ROUND_TRIP","EXTRA","",1630,"SAR","","","Primary Row 296","ACTIVE_CANDIDATE"
"iMile","HAIL STATION → QURAYYAT STATION","10 TON","6.5M-10TON","ROUND_TRIP","EXTRA","",1650,"SAR","","","Primary Row 297","ACTIVE_CANDIDATE"
"iMile","HAIL STATION → RAFHA STATION","5 TON","5M-5TON","ROUND_TRIP","EXTRA","",925,"SAR","","","Primary Row 298","ACTIVE_CANDIDATE"
"iMile","HAIL STATION → RIYADH RETURN CENTRE","20 TON","13.5M-20TON","ROUND_TRIP","EXTRA","",2750,"SAR","","","Primary Row 299","ACTIVE_CANDIDATE"
"iMile","HAIL STATION → SAKAKA STATION","10 TON","6.5M-10TON","ROUND_TRIP","EXTRA","",1068,"SAR","","","Primary Row 300","ACTIVE_CANDIDATE"
"iMile","HAIL STATION → TABUK STATION","10 TON","6.5M-10TON","ROUND_TRIP","EXTRA","",1650,"SAR","","","Primary Row 301","ACTIVE_CANDIDATE"
"iMile","HAIL STATION → TABUK STATION","20 TON","13.5M-20TON","ROUND_TRIP","EXTRA","",2900,"SAR","","","Primary Row 302","ACTIVE_CANDIDATE"
"iMile","INSIDE JEDDAH → INSIDE JEDDAH","5 TON","5M-5TON","ROUND_TRIP","EXTRA","",475,"SAR","","","Primary Row 303","ACTIVE_CANDIDATE"
"iMile","INSIDE JEDDAH → INSIDE JEDDAH","10 TON","6.5M-10TON","ROUND_TRIP","EXTRA","",545,"SAR","","","Primary Row 304","ACTIVE_CANDIDATE"
"iMile","INSIDE JEDDAH → INSIDE JEDDAH","20 TON","13.5M-20TON","ROUND_TRIP","EXTRA","",1150,"SAR","","","Primary Row 305","ACTIVE_CANDIDATE"
"iMile","INSIDE RIYADH → INSIDE RIYADH","5 TON","5M-5TON","ROUND_TRIP","EXTRA","",475,"SAR","","","Primary Row 306","ACTIVE_CANDIDATE"
"iMile","INSIDE RIYADH → INSIDE RIYADH","10 TON","6.5M-10TON","ROUND_TRIP","EXTRA","",545,"SAR","","","Primary Row 307","ACTIVE_CANDIDATE"
"iMile","INSIDE RIYADH → INSIDE RIYADH","20 TON","13.5M-20TON","ROUND_TRIP","EXTRA","",1050,"SAR","","","Primary Row 308","ACTIVE_CANDIDATE"
"iMile","JEDDAH DISTRIBUTION CENTRE → DAMMAM RDC","20 TON","13.5M-20TON","ROUND_TRIP","EXTRA","",3325,"SAR","","","Primary Row 309","ACTIVE_CANDIDATE"
"iMile","JEDDAH DISTRIBUTION CENTRE → HAIL RDC","10 TON","6.5M-10TON","ROUND_TRIP","EXTRA","",2099,"SAR","","","Primary Row 310","ACTIVE_CANDIDATE"
"iMile","JEDDAH DISTRIBUTION CENTRE → HAIL RDC","20 TON","13.5M-20TON","ROUND_TRIP","EXTRA","",3350,"SAR","","","Primary Row 311","ACTIVE_CANDIDATE"
"iMile","JEDDAH DISTRIBUTION CENTRE → KHAMIS MUSHAIT DISTRIBUTION CENTRE","10 TON","6.5M-10TON","ROUND_TRIP","EXTRA","",1845,"SAR","","","Primary Row 312","ACTIVE_CANDIDATE"
"iMile","JEDDAH DISTRIBUTION CENTRE → KHAMIS MUSHAIT DISTRIBUTION CENTRE","20 TON","13.5M-20TON","ROUND_TRIP","EXTRA","",3300,"SAR","","","Primary Row 313","ACTIVE_CANDIDATE"
"iMile","JEDDAH DISTRIBUTION CENTRE → MACCA STATION","10 TON","6.5M-10TON","ROUND_TRIP","EXTRA","",649,"SAR","","","Primary Row 314","ACTIVE_CANDIDATE"
"iMile","JEDDAH DISTRIBUTION CENTRE → MACCA STATION","20 TON","13.5M-20TON","ROUND_TRIP","EXTRA","",1250,"SAR","","","Primary Row 315","ACTIVE_CANDIDATE"
"iMile","JEDDAH DISTRIBUTION CENTRE → MECCA AL-HUJJ STATION","10 TON","6.5M-10TON","ROUND_TRIP","EXTRA","",750,"SAR","","","Primary Row 316","ACTIVE_CANDIDATE"
"iMile","JEDDAH DISTRIBUTION CENTRE → MECCA AL-HUJJ STATION","20 TON","13.5M-20TON","ROUND_TRIP","EXTRA","",1350,"SAR","","","Primary Row 317","ACTIVE_CANDIDATE"
"iMile","JEDDAH DISTRIBUTION CENTRE → TAIF STATION","10 TON","6.5M-10TON","ROUND_TRIP","EXTRA","",879,"SAR","","","Primary Row 318","ACTIVE_CANDIDATE"
"iMile","JEDDAH DISTRIBUTION CENTRE → TAIF STATION","20 TON","13.5M-20TON","ROUND_TRIP","EXTRA","",1600,"SAR","","","Primary Row 319","ACTIVE_CANDIDATE"
"iMile","JEDDAH DISTRIBUTION CENTRE → MADINA STATION","10 TON","6.5M-10TON","ROUND_TRIP","EXTRA","",1130,"SAR","","","Primary Row 320","ACTIVE_CANDIDATE"
"iMile","JEDDAH DISTRIBUTION CENTRE → MADINA STATION","20 TON","13.5M-20TON","ROUND_TRIP","EXTRA","",1650,"SAR","","","Primary Row 321","ACTIVE_CANDIDATE"
"iMile","JEDDAH DISTRIBUTION CENTRE → RIYADH CENTRE","20 TON","13.5M-20TON","ROUND_TRIP","EXTRA","",2550,"SAR","","","Primary Row 322","ACTIVE_CANDIDATE"
"iMile","JEDDAH DISTRIBUTION CENTRE → TAIF STATION","10 TON","6.5M-10TON","ROUND_TRIP","EXTRA","",789,"SAR","","","Primary Row 323","ACTIVE_CANDIDATE"
"iMile","JEDDAH DISTRIBUTION CENTRE → TAIF STATION","20 TON","13.5M-20TON","ROUND_TRIP","EXTRA","",1450,"SAR","","","Primary Row 324","ACTIVE_CANDIDATE"
"iMile","JEDDAH DISTRIBUTION CENTRE → YANBU STATION","5 TON","5M-5TON","ROUND_TRIP","EXTRA","",930,"SAR","","","Primary Row 325","ACTIVE_CANDIDATE"
"iMile","JEDDAH DISTRIBUTION CENTRE → YANBU STATION","10 TON","6.5M-10TON","ROUND_TRIP","EXTRA","",1100,"SAR","","","Primary Row 326","ACTIVE_CANDIDATE"
"iMile","JEDDAH DISTRIBUTION CENTRE → RABIGH STATION","5 TON","5M-5TON","ROUND_TRIP","EXTRA","",680,"SAR","","","Primary Row 327","ACTIVE_CANDIDATE"
"iMile","JEDDAH DISTRIBUTION CENTRE → RABIGH STATION","10 TON","6.5M-10TON","ROUND_TRIP","EXTRA","",790,"SAR","","","Primary Row 328","ACTIVE_CANDIDATE"
"iMile","KHAMIS MUSHAIT DISTIBUTION CENTRE → BSH DS02","5 TON","5M-5TON","ROUND_TRIP","EXTRA","",770,"SAR","","","Primary Row 329","ACTIVE_CANDIDATE"
"iMile","KHAMIS MUSHAIT DISTIBUTION CENTRE → BSH DS02","10 TON","6.5M-10TON","ROUND_TRIP","EXTRA","",965,"SAR","","","Primary Row 330","ACTIVE_CANDIDATE"
"iMile","KHAMIS MUSHAIT DISTIBUTION CENTRE → NAJRAN STATION","20 TON","13.5M-20TON","ROUND_TRIP","EXTRA","",1750,"SAR","","","Primary Row 331","ACTIVE_CANDIDATE"
"iMile","KHAMIS MUSHAIT DISTIBUTION CENTRE → JAZAN STATION","5 TON","5M-5TON","ROUND_TRIP","EXTRA","",879,"SAR","","","Primary Row 332","ACTIVE_CANDIDATE"
"iMile","KHAMIS MUSHAIT DISTIBUTION CENTRE → JAZAN STATION","10 TON","6.5M-10TON","ROUND_TRIP","EXTRA","",1219,"SAR","","","Primary Row 333","ACTIVE_CANDIDATE"
"iMile","KHAMIS MUSHAIT DISTIBUTION CENTRE → ABHA STATION","5 TON","5M-5TON","ROUND_TRIP","EXTRA","",520,"SAR","","","Primary Row 334","ACTIVE_CANDIDATE"
"iMile","KHAMIS MUSHAIT DISTIBUTION CENTRE → ABHA STATION","10 TON","6.5M-10TON","ROUND_TRIP","EXTRA","",624,"SAR","","","Primary Row 335","ACTIVE_CANDIDATE"
"iMile","KHAMIS MUSHAIT DISTIBUTION CENTRE → AL QUNFUDHAH STATION","5 TON","5M-5TON","ROUND_TRIP","EXTRA","",838,"SAR","","","Primary Row 336","ACTIVE_CANDIDATE"
"iMile","KHAMIS MUSHAIT DISTIBUTION CENTRE → AL QUNFUDHAH STATION","10 TON","6.5M-10TON","ROUND_TRIP","EXTRA","",1130,"SAR","","","Primary Row 337","ACTIVE_CANDIDATE"
"iMile","KHAMIS MUSHAIT DISTIBUTION CENTRE → BSH DS02","5 TON","5M-5TON","ROUND_TRIP","EXTRA","",805,"SAR","","","Primary Row 338","ACTIVE_CANDIDATE"
"iMile","KHAMIS MUSHAIT DISTIBUTION CENTRE → BSH DS02","10 TON","6.5M-10TON","ROUND_TRIP","EXTRA","",1065,"SAR","","","Primary Row 339","ACTIVE_CANDIDATE"
"iMile","KHAMIS MUSHAIT DISTIBUTION CENTRE → JAZAN STATION","5 TON","5M-5TON","ROUND_TRIP","EXTRA","",857,"SAR","","","Primary Row 340","ACTIVE_CANDIDATE"
"iMile","KHAMIS MUSHAIT DISTIBUTION CENTRE → JAZAN STATION","10 TON","6.5M-10TON","ROUND_TRIP","EXTRA","",1165,"SAR","","","Primary Row 341","ACTIVE_CANDIDATE"
"iMile","KHAMIS MUSHAIT DISTIBUTION CENTRE → JAZAN STATION","20 TON","13.5M-20TON","ROUND_TRIP","EXTRA","",1750,"SAR","","","Primary Row 342","ACTIVE_CANDIDATE"
"iMile","KHAMIS MUSHAIT DISTIBUTION CENTRE → MUHAYIL STATION","5 TON","5M-5TON","ROUND_TRIP","EXTRA","",567,"SAR","","","Primary Row 343","ACTIVE_CANDIDATE"
"iMile","KHAMIS MUSHAIT DISTIBUTION CENTRE → MUHAYIL STATION","10 TON","6.5M-10TON","ROUND_TRIP","EXTRA","",775,"SAR","","","Primary Row 344","ACTIVE_CANDIDATE"
"iMile","KHAMIS MUSHAIT DISTIBUTION CENTRE → SAMTAH STATION","5 TON","5M-5TON","ROUND_TRIP","EXTRA","",930,"SAR","","","Primary Row 345","ACTIVE_CANDIDATE"
"iMile","KHAMIS MUSHAIT DISTIBUTION CENTRE → SAMTAH STATION","10 TON","6.5M-10TON","ROUND_TRIP","EXTRA","",1340,"SAR","","","Primary Row 346","ACTIVE_CANDIDATE"
"iMile","KHAMIS MUSHAIT DISTIBUTION CENTRE → SARAT ABIDAH STATION","5 TON","5M-5TON","ROUND_TRIP","EXTRA","",580,"SAR","","","Primary Row 347","ACTIVE_CANDIDATE"
"iMile","KHAMIS MUSHAIT DISTIBUTION CENTRE → SARAT ABIDAH STATION","10 TON","6.5M-10TON","ROUND_TRIP","EXTRA","",779,"SAR","","","Primary Row 348","ACTIVE_CANDIDATE"
"iMile","KHAMIS MUSHAIT DISTIBUTION CENTRE → SBY DS01","5 TON","5M-5TON","ROUND_TRIP","EXTRA","",838,"SAR","","","Primary Row 349","ACTIVE_CANDIDATE"
"iMile","KHAMIS MUSHAIT DISTIBUTION CENTRE → SBY DS01","10 TON","6.5M-10TON","ROUND_TRIP","EXTRA","",1179,"SAR","","","Primary Row 350","ACTIVE_CANDIDATE"
"iMile","MADINA STATION → MADINA UHUD STATION","10 TON","6.5M-10TON","ROUND_TRIP","EXTRA","",545,"SAR","","","Primary Row 351","ACTIVE_CANDIDATE"
"iMile","MADINA STATION → MADINA UHUD STATION","20 TON","13.5M-20TON","ROUND_TRIP","EXTRA","",1290,"SAR","","","Primary Row 352","ACTIVE_CANDIDATE"
"iMile","MADINA STATION → MADINA RABIGH STATION","5 TON","5M-5TON","ROUND_TRIP","EXTRA","",685,"SAR","","","Primary Row 353","ACTIVE_CANDIDATE"
"iMile","MADINA STATION → MADINA RABIGH STATION","10 TON","6.5M-10TON","ROUND_TRIP","EXTRA","",970,"SAR","","","Primary Row 354","ACTIVE_CANDIDATE"
"iMile","MADINA STATION → MADINA YANBU STATION","10 TON","6.5M-10TON","ROUND_TRIP","EXTRA","",915,"SAR","","","Primary Row 355","ACTIVE_CANDIDATE"
"iMile","NAJRAN STATION → SHARURAH","5 TON","5M-5TON","ROUND_TRIP","EXTRA","",950,"SAR","","","Primary Row 356","ACTIVE_CANDIDATE"
"iMile","RIYADH CENTRE → AL BAHAH STATION","10 TON","6.5M-10TON","ROUND_TRIP","EXTRA","",2090,"SAR","","","Primary Row 357","ACTIVE_CANDIDATE"
"iMile","RIYADH CENTRE → AL BAHAH STATION","20 TON","13.5M-20TON","ROUND_TRIP","EXTRA","",2950,"SAR","","","Primary Row 358","ACTIVE_CANDIDATE"
"iMile","RIYADH CENTRE → AL KHARJ STATION","10 TON","6.5M-10TON","ROUND_TRIP","EXTRA","",610,"SAR","","","Primary Row 359","ACTIVE_CANDIDATE"
"iMile","RIYADH CENTRE → AR RASS STATION","10 TON","6.5M-10TON","ROUND_TRIP","EXTRA","",1079,"SAR","","","Primary Row 360","ACTIVE_CANDIDATE"
"iMile","RIYADH CENTRE → AZ ZULFI STATION","10 TON","6.5M-10TON","ROUND_TRIP","EXTRA","",819,"SAR","","","Primary Row 361","ACTIVE_CANDIDATE"
"iMile","RIYADH CENTRE → BISHA STATION","10 TON","6.5M-10TON","ROUND_TRIP","EXTRA","",1975,"SAR","","","Primary Row 362","ACTIVE_CANDIDATE"
"iMile","RIYADH CENTRE → BISHA STATION","20 TON","13.5M-20TON","ROUND_TRIP","EXTRA","",3250,"SAR","","","Primary Row 363","ACTIVE_CANDIDATE"
"iMile","RIYADH CENTRE → BURAIDAH STATION","10 TON","6.5M-10TON","ROUND_TRIP","EXTRA","",1015,"SAR","","","Primary Row 364","ACTIVE_CANDIDATE"
"iMile","RIYADH CENTRE → BURAIDAH STATION","20 TON","13.5M-20TON","ROUND_TRIP","EXTRA","",1610,"SAR","","","Primary Row 365","ACTIVE_CANDIDATE"
"iMile","RIYADH CENTRE → DAMMAM RDC","20 TON","13.5M-20TON","ROUND_TRIP","EXTRA","",1650,"SAR","","","Primary Row 366","ACTIVE_CANDIDATE"
"iMile","RIYADH CENTRE → DUWADIMI STATION","10 TON","6.5M-10TON","ROUND_TRIP","EXTRA","",1015,"SAR","","","Primary Row 367","ACTIVE_CANDIDATE"
"iMile","RIYADH CENTRE → HAFER AL BATIN STATION","10 TON","6.5M-10TON","ROUND_TRIP","EXTRA","",1249,"SAR","","","Primary Row 368","ACTIVE_CANDIDATE"
"iMile","RIYADH CENTRE → HAIL DC","20 TON","13.5M-20TON","ROUND_TRIP","EXTRA","",2800,"SAR","","","Primary Row 369","ACTIVE_CANDIDATE"
"iMile","RIYADH CENTRE → HOFUF STATION","10 TON","6.5M-10TON","ROUND_TRIP","EXTRA","",889,"SAR","","","Primary Row 370","ACTIVE_CANDIDATE"
"iMile","RIYADH CENTRE → HOFUF STATION","20 TON","13.5M-20TON","ROUND_TRIP","EXTRA","",1550,"SAR","","","Primary Row 371","ACTIVE_CANDIDATE"
"iMile","RIYADH CENTRE → JAZAN STATION","10 TON","6.5M-10TON","ROUND_TRIP","EXTRA","",3150,"SAR","","","Primary Row 372","ACTIVE_CANDIDATE"
"iMile","RIYADH CENTRE → JED NAKHEEL STATION","20 TON","13.5M-20TON","ROUND_TRIP","EXTRA","",2650,"SAR","","","Primary Row 373","ACTIVE_CANDIDATE"
"iMile","RIYADH CENTRE → JEDAH DISPATCH STATION","20 TON","13.5M-20TON","ROUND_TRIP","EXTRA","",2650,"SAR","","","Primary Row 374","ACTIVE_CANDIDATE"
"iMile","RIYADH CENTRE → JEDDAH DISTRIBUTION CENTRE","20 TON","13.5M-20TON","ROUND_TRIP","EXTRA","",2650,"SAR","","","Primary Row 375","ACTIVE_CANDIDATE"
"iMile","RIYADH CENTRE → JEDDAH KHUMRAH STATION","20 TON","13.5M-20TON","ROUND_TRIP","EXTRA","",2650,"SAR","","","Primary Row 376","ACTIVE_CANDIDATE"
"iMile","RIYADH CENTRE → JEDDAH STATION","20 TON","13.5M-20TON","ROUND_TRIP","EXTRA","",2650,"SAR","","","Primary Row 377","ACTIVE_CANDIDATE"
"iMile","RIYADH CENTRE → KHAMIS MUSHAIT DISTRIBUTION CENTRE","20 TON","13.5M-20TON","ROUND_TRIP","EXTRA","",3450,"SAR","","","Primary Row 378","ACTIVE_CANDIDATE"
"iMile","RIYADH CENTRE → MACCA STATION","20 TON","13.5M-20TON","ROUND_TRIP","EXTRA","",2550,"SAR","","","Primary Row 379","ACTIVE_CANDIDATE"
"iMile","RIYADH CENTRE → MECCA AL-HUJJ STATION","20 TON","13.5M-20TON","ROUND_TRIP","EXTRA","",2950,"SAR","","","Primary Row 380","ACTIVE_CANDIDATE"
"iMile","RIYADH CENTRE → MADINA STATION","20 TON","13.5M-20TON","ROUND_TRIP","EXTRA","",2950,"SAR","","","Primary Row 381","ACTIVE_CANDIDATE"
"iMile","RIYADH CENTRE → MADINA UHUD STATION","20 TON","13.5M-20TON","ROUND_TRIP","EXTRA","",3250,"SAR","","","Primary Row 382","ACTIVE_CANDIDATE"
"iMile","RIYADH CENTRE → MADINA UHUD STATION","20 TON","13.5M-20TON","ROUND_TRIP","EXTRA","",2950,"SAR","","","Primary Row 383","ACTIVE_CANDIDATE"
"iMile","RIYADH CENTRE → MECCA AL-HUJJ STATION","20 TON","13.5M-20TON","ROUND_TRIP","EXTRA","",2650,"SAR","","","Primary Row 384","ACTIVE_CANDIDATE"
"iMile","RIYADH CENTRE → NAJRAN STATION","10 TON","6.5M-10TON","ROUND_TRIP","EXTRA","",1950,"SAR","","","Primary Row 385","ACTIVE_CANDIDATE"
"iMile","RIYADH CENTRE → NAJRAN STATION","20 TON","13.5M-20TON","ROUND_TRIP","EXTRA","",3500,"SAR","","","Primary Row 386","ACTIVE_CANDIDATE"
"iMile","RIYADH CENTRE → TABUK STATION","20 TON","13.5M-20TON","ROUND_TRIP","EXTRA","",4600,"SAR","","","Primary Row 387","ACTIVE_CANDIDATE"
"iMile","RIYADH CENTRE → TAIF STATION","20 TON","13.5M-20TON","ROUND_TRIP","EXTRA","",2450,"SAR","","","Primary Row 388","ACTIVE_CANDIDATE"
"iMile","RIYADH CENTRE → WADI AD DAWASIR STATION","5 TON","5M-5TON","ROUND_TRIP","EXTRA","",1128,"SAR","","","Primary Row 389","ACTIVE_CANDIDATE"
"iMile","RIYADH CENTRE → WADI AD DAWASIR STATION","10 TON","6.5M-10TON","ROUND_TRIP","EXTRA","",1375,"SAR","","","Primary Row 390","ACTIVE_CANDIDATE"
"iMile","KING KHALID INTERNATIONAL AIRPORT → CENTRAL DISTRIBUTION CENTRE","10 TON","6.5M-10TON","SINGLE_TRIP","EXTRA","",400,"SAR","","","Primary Row 391","ACTIVE_CANDIDATE"
"iMile","KING KHALID INTERNATIONAL AIRPORT → CENTRAL DISTRIBUTION CENTRE","20 TON","13.5M-20TON","SINGLE_TRIP","EXTRA","",800,"SAR","","","Primary Row 392","ACTIVE_CANDIDATE"
"iMile","KING FAHD INTERNATIONAL AIRPORT → DAMMAM DISTRIBUTION CENTRE","10 TON","6.5M-10TON","SINGLE_TRIP","EXTRA","",475,"SAR","","","Primary Row 393","ACTIVE_CANDIDATE"
"iMile","KING FAHD INTERNATIONAL AIRPORT → DAMMAM DISTRIBUTION CENTRE","20 TON","13.5M-20TON","SINGLE_TRIP","EXTRA","",800,"SAR","","","Primary Row 394","ACTIVE_CANDIDATE"
"iMile","KING ABDULAZIZ INTERNATIONAL AIRPORT → JEDDAH DISTRIBUTION CENTRE","10 TON","6.5M-10TON","SINGLE_TRIP","EXTRA","",475,"SAR","","","Primary Row 395","ACTIVE_CANDIDATE"
"iMile","KING ABDULAZIZ INTERNATIONAL AIRPORT → JEDDAH DISTRIBUTION CENTRE","20 TON","13.5M-20TON","SINGLE_TRIP","EXTRA","",800,"SAR","","","Primary Row 396","ACTIVE_CANDIDATE"
"iMile","MADINA AIRPORT → MADINA DISTRIBUTION CENTRE","10 TON","6.5M-10TON","SINGLE_TRIP","EXTRA","",475,"SAR","","","Primary Row 397","ACTIVE_CANDIDATE"
"iMile","MADINA AIRPORT → MADINA DISTRIBUTION CENTRE","20 TON","13.5M-20TON","SINGLE_TRIP","EXTRA","",800,"SAR","","","Primary Row 398","ACTIVE_CANDIDATE"
"iMile","KHAMIS MUSHAIT DISTRIBUTION CENTRE → MUHAYIL STATION","10 TON","6.5M-10TON","SINGLE_TRIP","MONTHLY","",499,"SAR","","","Primary Row 399","ACTIVE_CANDIDATE"
"iMile","MADINA STATION → MADINA UHUD STATION","10 TON","6.5M-10TON","SINGLE_TRIP","MONTHLY","",420,"SAR","","","Primary Row 400","ACTIVE_CANDIDATE"
"iMile","RIYADH DISTRIBUTION CENTRE → AL BAHAH STATION","10 TON","6.5M-10TON","SINGLE_TRIP","MONTHLY","",1750,"SAR","","","Primary Row 401","ACTIVE_CANDIDATE"
"Shipa","RIYADH → ABHA","5 TON","5 TON","SINGLE_TRIP","EXTRA","",1700,"SAR","","","Primary Row 402","ACTIVE_CANDIDATE"
"Shipa","RIYADH → ABHA","10 TON","10 TON","SINGLE_TRIP","EXTRA","",2100,"SAR","","","Primary Row 403","ACTIVE_CANDIDATE"
"Shipa","RIYADH → JIZAN","5 TON","5 TON","SINGLE_TRIP","EXTRA","",2550,"SAR","","","Primary Row 404","ACTIVE_CANDIDATE"
"Shipa","RIYADH → JIZAN","10 TON","10 TON","SINGLE_TRIP","EXTRA","",3200,"SAR","","","Primary Row 405","ACTIVE_CANDIDATE"
"Shipa","RIYADH → NAJRAN","5 TON","5 TON","SINGLE_TRIP","EXTRA","",1690,"SAR","","","Primary Row 406","ACTIVE_CANDIDATE"
"Shipa","RIYADH → NAJRAN","10 TON","10 TON","SINGLE_TRIP","EXTRA","",2150,"SAR","","","Primary Row 407","ACTIVE_CANDIDATE"
"Shipa","RIYADH → MAKKAH","5 TON","5 TON","SINGLE_TRIP","EXTRA","",1375,"SAR","","","Primary Row 408","ACTIVE_CANDIDATE"
"Shipa","RIYADH → MAKKAH","10 TON","10 TON","SINGLE_TRIP","EXTRA","",1750,"SAR","","","Primary Row 409","ACTIVE_CANDIDATE"
"Shipa","RIYADH → TAIF","5 TON","5 TON","SINGLE_TRIP","EXTRA","",1350,"SAR","","","Primary Row 410","ACTIVE_CANDIDATE"
"Shipa","RIYADH → TAIF","10 TON","10 TON","SINGLE_TRIP","EXTRA","",1700,"SAR","","","Primary Row 411","ACTIVE_CANDIDATE"
"Shipa","RIYADH → MADINAH","5 TON","5 TON","SINGLE_TRIP","EXTRA","",1600,"SAR","","","Primary Row 412","ACTIVE_CANDIDATE"
"Shipa","RIYADH → MADINAH","10 TON","10 TON","SINGLE_TRIP","EXTRA","",1950,"SAR","","","Primary Row 413","ACTIVE_CANDIDATE"
"Shipa","RIYADH → JEDDAH","5 TON","5 TON","SINGLE_TRIP","EXTRA","",1375,"SAR","","","Primary Row 414","ACTIVE_CANDIDATE"
"Shipa","RIYADH → JEDDAH","10 TON","10 TON","SINGLE_TRIP","EXTRA","",1750,"SAR","","","Primary Row 415","ACTIVE_CANDIDATE"
"Shipa","RIYADH → BURAIADH","5 TON","5 TON","SINGLE_TRIP","EXTRA","",900,"SAR","","","Primary Row 416","ACTIVE_CANDIDATE"
"Shipa","RIYADH → BURAIADH","10 TON","10 TON","SINGLE_TRIP","EXTRA","",1200,"SAR","","","Primary Row 417","ACTIVE_CANDIDATE"
"Shipa","RIYADH → DAMMAM","5 TON","5 TON","SINGLE_TRIP","EXTRA","",900,"SAR","","","Primary Row 418","ACTIVE_CANDIDATE"
"Shipa","RIYADH → DAMMAM","10 TON","10 TON","SINGLE_TRIP","EXTRA","",1200,"SAR","","","Primary Row 419","ACTIVE_CANDIDATE"
"Shipa","RIYADH → RIYADH (LOCAL PER TRIP)","5 TON","5 TON","SINGLE_TRIP","EXTRA","",350,"SAR","","","Primary Row 420","ACTIVE_CANDIDATE"
"Shipa","RIYADH → RIYADH (LOCAL PER TRIP)","10 TON","10 TON","SINGLE_TRIP","EXTRA","",450,"SAR","","","Primary Row 421","ACTIVE_CANDIDATE"
"Shipa","RIYADH AIRPORT → RIYADH LOCAL","5 TON","5 TON","SINGLE_TRIP","EXTRA","",375,"SAR","","","Primary Row 422","ACTIVE_CANDIDATE"
"Shipa","RIYADH AIRPORT → RIYADH LOCAL","10 TON","10 TON","SINGLE_TRIP","EXTRA","",500,"SAR","","","Primary Row 423","ACTIVE_CANDIDATE"
"Shipa","RIYADH → RIYADH (10 HRS)","5 TON","5 TON","SINGLE_TRIP","EXTRA","",500,"SAR","","","Primary Row 424","ACTIVE_CANDIDATE"
"Shipa","RIYADH → RIYADH (10 HRS)","10 TON","10 TON","SINGLE_TRIP","EXTRA","",690,"SAR","","","Primary Row 425","ACTIVE_CANDIDATE"
"Shipa","RIYADH → AL BAHA","5 TON","5 TON","SINGLE_TRIP","EXTRA","",1800,"SAR","","","Primary Row 426","ACTIVE_CANDIDATE"
"Shipa","RIYADH → AL BAHA","10 TON","10 TON","SINGLE_TRIP","EXTRA","",2250,"SAR","","","Primary Row 427","ACTIVE_CANDIDATE"
"Shipa","ABHA → JIZAN","5 TON","5 TON","SINGLE_TRIP","EXTRA","",825,"SAR","","","Primary Row 428","ACTIVE_CANDIDATE"
"Shipa","ABHA → JIZAN","10 TON","10 TON","SINGLE_TRIP","EXTRA","",1275,"SAR","","","Primary Row 429","ACTIVE_CANDIDATE"
"Shipa","ABHA → NAJRAN","5 TON","5 TON","SINGLE_TRIP","EXTRA","",850,"SAR","","","Primary Row 430","ACTIVE_CANDIDATE"
"Shipa","ABHA → NAJRAN","10 TON","10 TON","SINGLE_TRIP","EXTRA","",1300,"SAR","","","Primary Row 431","ACTIVE_CANDIDATE"
"Shipa","DAMMAM → RIYADH","5 TON","5 TON","SINGLE_TRIP","EXTRA","",900,"SAR","","","Primary Row 432","ACTIVE_CANDIDATE"
"Shipa","DAMMAM → RIYADH","10 TON","10 TON","SINGLE_TRIP","EXTRA","",1200,"SAR","","","Primary Row 433","ACTIVE_CANDIDATE"
"Shipa","JEDDAH → RIYADH","5 TON","5 TON","SINGLE_TRIP","EXTRA","",1375,"SAR","","","Primary Row 434","ACTIVE_CANDIDATE"
"Shipa","JEDDAH → RIYADH","10 TON","10 TON","SINGLE_TRIP","EXTRA","",1750,"SAR","","","Primary Row 435","ACTIVE_CANDIDATE"
"Shipa","RIYADH → TAIF-MAKKAH","5 TON","5 TON","SINGLE_TRIP","EXTRA","",1500,"SAR","","","Primary Row 436","ACTIVE_CANDIDATE"
"Shipa","RIYADH → TAIF-MAKKAH","10 TON","10 TON","SINGLE_TRIP","EXTRA","",1950,"SAR","","","Primary Row 437","ACTIVE_CANDIDATE"
"Shipa","RIYADH → TAIF-MAKKAH-JEDDAH","5 TON","5 TON","SINGLE_TRIP","EXTRA","",1700,"SAR","","","Primary Row 438","ACTIVE_CANDIDATE"
"Shipa","RIYADH → TAIF-MAKKAH-JEDDAH","10 TON","10 TON","SINGLE_TRIP","EXTRA","",2050,"SAR","","","Primary Row 439","ACTIVE_CANDIDATE"
"Shipa","RIYADH → HAIL","5 TON","5 TON","SINGLE_TRIP","EXTRA","",1250,"SAR","","","Primary Row 440","ACTIVE_CANDIDATE"
"Shipa","RIYADH → HAIL","10 TON","10 TON","SINGLE_TRIP","EXTRA","",1550,"SAR","","","Primary Row 441","ACTIVE_CANDIDATE"
"Shipa","SUDHAIR → RIYADH","5 TON","5 TON","SINGLE_TRIP","EXTRA","",600,"SAR","","","Primary Row 442","ACTIVE_CANDIDATE"
"Shipa","SUDHAIR → RIYADH","10 TON","10 TON","SINGLE_TRIP","EXTRA","",800,"SAR","","","Primary Row 443","ACTIVE_CANDIDATE"
"Shipa","RIYADH → KHAMIS-NAJRAN","5 TON","5 TON","SINGLE_TRIP","EXTRA","",2400,"SAR","","","Primary Row 444","ACTIVE_CANDIDATE"
"Shipa","RIYADH → KHAMIS-NAJRAN","10 TON","10 TON","SINGLE_TRIP","EXTRA","",2850,"SAR","","","Primary Row 445","ACTIVE_CANDIDATE"
"Shipa","RIYADH → AL AHSA","5 TON","5 TON","SINGLE_TRIP","EXTRA","",850,"SAR","","","Primary Row 446","ACTIVE_CANDIDATE"
"Shipa","RIYADH → AL AHSA","10 TON","10 TON","SINGLE_TRIP","EXTRA","",1175,"SAR","","","Primary Row 447","ACTIVE_CANDIDATE"
"Shipa","RIYADH → TUBARJAL","5 TON","5 TON","SINGLE_TRIP","EXTRA","",1650,"SAR","","","Primary Row 448","ACTIVE_CANDIDATE"
"Shipa","RIYADH → TUBARJAL","10 TON","10 TON","SINGLE_TRIP","EXTRA","",2100,"SAR","","","Primary Row 449","ACTIVE_CANDIDATE"
"Shipa","RUH → JED","5 TON","5 TON","ROUND_TRIP","MONTHLY","",49850,"SAR","","","Primary Row 450","ACTIVE_CANDIDATE"
"Shipa","RUH → JED","5 TON","5 TON","ROUND_TRIP","MONTHLY","",49850,"SAR","","","Primary Row 451","ACTIVE_CANDIDATE"
"RTL","RIYADH → JEDDAH","5 TON","5 TON","SINGLE_TRIP","EXTRA","",1480,"SAR","","","Primary Row 452","ACTIVE_CANDIDATE"
"RTL","RIYADH → JEDDAH","10 TON","10 TON","SINGLE_TRIP","EXTRA","",1675,"SAR","","","Primary Row 453","ACTIVE_CANDIDATE"
"RTL","RIYADH → HAIL","5 TON","5 TON","SINGLE_TRIP","EXTRA","",1250,"SAR","","","Primary Row 454","ACTIVE_CANDIDATE"
"RTL","RIYADH → HAIL","10 TON","10 TON","SINGLE_TRIP","EXTRA","",1550,"SAR","","","Primary Row 455","ACTIVE_CANDIDATE"
"RTL","RIYADH → MAKKAH","5 TON","5 TON","SINGLE_TRIP","EXTRA","",1350,"SAR","","","Primary Row 456","ACTIVE_CANDIDATE"
"RTL","RIYADH → MAKKAH","10 TON","10 TON","SINGLE_TRIP","EXTRA","",1550,"SAR","","","Primary Row 457","ACTIVE_CANDIDATE"
"RTL","RIYADH → HAFRABATAIN","5 TON","5 TON","SINGLE_TRIP","EXTRA","",1050,"SAR","","","Primary Row 458","ACTIVE_CANDIDATE"
"RTL","RIYADH → HAFRABATAIN","10 TON","10 TON","SINGLE_TRIP","EXTRA","",1300,"SAR","","","Primary Row 459","ACTIVE_CANDIDATE"
"RTL","RIYADH → ZULFI","5 TON","5 TON","SINGLE_TRIP","EXTRA","",800,"SAR","","","Primary Row 460","ACTIVE_CANDIDATE"
"RTL","RIYADH → ZULFI","10 TON","10 TON","SINGLE_TRIP","EXTRA","",1100,"SAR","","","Primary Row 461","ACTIVE_CANDIDATE"
"RTL","RIYADH → ALRAS","5 TON","5 TON","SINGLE_TRIP","EXTRA","",1000,"SAR","","","Primary Row 462","ACTIVE_CANDIDATE"
"RTL","RIYADH → ALRAS","10 TON","10 TON","SINGLE_TRIP","EXTRA","",1250,"SAR","","","Primary Row 463","ACTIVE_CANDIDATE"
"RTL","RIYADH → QASEEM","5 TON","5 TON","SINGLE_TRIP","EXTRA","",950,"SAR","","","Primary Row 464","ACTIVE_CANDIDATE"
"RTL","RIYADH → QASEEM","10 TON","10 TON","SINGLE_TRIP","EXTRA","",1200,"SAR","","","Primary Row 465","ACTIVE_CANDIDATE"
"RTL","RIYADH → WADI AL DAWASIR","5 TON","5 TON","SINGLE_TRIP","EXTRA","",1100,"SAR","","","Primary Row 466","ACTIVE_CANDIDATE"
"RTL","RIYADH → WADI AL DAWASIR","10 TON","10 TON","SINGLE_TRIP","EXTRA","",1500,"SAR","","","Primary Row 467","ACTIVE_CANDIDATE"
"RTL","RIYADH → MAJMAH","5 TON","5 TON","SINGLE_TRIP","EXTRA","",700,"SAR","","","Primary Row 468","ACTIVE_CANDIDATE"
"RTL","RIYADH → MAJMAH","10 TON","10 TON","SINGLE_TRIP","EXTRA","",950,"SAR","","","Primary Row 469","ACTIVE_CANDIDATE"
"RTL","RIYADH → DAWADAMI","5 TON","5 TON","SINGLE_TRIP","EXTRA","",800,"SAR","","","Primary Row 470","ACTIVE_CANDIDATE"
"RTL","RIYADH → DAWADAMI","10 TON","10 TON","SINGLE_TRIP","EXTRA","",1100,"SAR","","","Primary Row 471","ACTIVE_CANDIDATE"
"RTL","RIYADH → DAMMAM","5 TON","5 TON","SINGLE_TRIP","EXTRA","",900,"SAR","","","Primary Row 472","ACTIVE_CANDIDATE"
"RTL","RIYADH → DAMMAM","10 TON","10 TON","SINGLE_TRIP","EXTRA","",1200,"SAR","","","Primary Row 473","ACTIVE_CANDIDATE"
"RTL","RIYADH → TABUK","5 TON","5 TON","SINGLE_TRIP","EXTRA","",2550,"SAR","","","Primary Row 474","ACTIVE_CANDIDATE"
"RTL","RIYADH → TABUK","10 TON","10 TON","SINGLE_TRIP","EXTRA","",3000,"SAR","","","Primary Row 475","ACTIVE_CANDIDATE"
"RTL","RIYADH → MADINA","5 TON","5 TON","SINGLE_TRIP","EXTRA","",1400,"SAR","","","Primary Row 476","ACTIVE_CANDIDATE"
"RTL","RIYADH → MADINA","10 TON","10 TON","SINGLE_TRIP","EXTRA","",1750,"SAR","","","Primary Row 477","ACTIVE_CANDIDATE"
"RTL","RIYADH → HOFUF","5 TON","5 TON","SINGLE_TRIP","EXTRA","",850,"SAR","","","Primary Row 478","ACTIVE_CANDIDATE"
"RTL","RIYADH → HOFUF","10 TON","10 TON","SINGLE_TRIP","EXTRA","",1100,"SAR","","","Primary Row 479","ACTIVE_CANDIDATE"
"RTL","RIYADH → ABHA","5 TON","5 TON","SINGLE_TRIP","EXTRA","",1400,"SAR","","","Primary Row 480","ACTIVE_CANDIDATE"
"RTL","RIYADH → ABHA","10 TON","10 TON","SINGLE_TRIP","EXTRA","",1800,"SAR","","","Primary Row 481","ACTIVE_CANDIDATE"
"RTL","RIYADH → BISHA","5 TON","5 TON","SINGLE_TRIP","EXTRA","",1200,"SAR","","","Primary Row 482","ACTIVE_CANDIDATE"
"RTL","RIYADH → BISHA","10 TON","10 TON","SINGLE_TRIP","EXTRA","",1600,"SAR","","","Primary Row 483","ACTIVE_CANDIDATE"
"RTL","JEDDAH → MAKKAH","5 TON","5 TON","SINGLE_TRIP","EXTRA","",450,"SAR","","","Primary Row 484","ACTIVE_CANDIDATE"
"RTL","JEDDAH → MAKKAH","10 TON","10 TON","SINGLE_TRIP","EXTRA","",550,"SAR","","","Primary Row 485","ACTIVE_CANDIDATE"
"RTL","JEDDAH → TAIF","5 TON","5 TON","SINGLE_TRIP","EXTRA","",850,"SAR","","","Primary Row 486","ACTIVE_CANDIDATE"
"RTL","JEDDAH → TAIF","10 TON","10 TON","SINGLE_TRIP","EXTRA","",1150,"SAR","","","Primary Row 487","ACTIVE_CANDIDATE"
"RTL","JEDDAH → MADINA","5 TON","5 TON","SINGLE_TRIP","EXTRA","",1000,"SAR","","","Primary Row 488","ACTIVE_CANDIDATE"
"RTL","JEDDAH → MADINA","10 TON","10 TON","SINGLE_TRIP","EXTRA","",1300,"SAR","","","Primary Row 489","ACTIVE_CANDIDATE"
"RTL","JEDDAH → RIYADH","5 TON","5 TON","SINGLE_TRIP","EXTRA","",1400,"SAR","","","Primary Row 490","ACTIVE_CANDIDATE"
"RTL","JEDDAH → RIYADH","10 TON","10 TON","SINGLE_TRIP","EXTRA","",1700,"SAR","","","Primary Row 491","ACTIVE_CANDIDATE"
"RTL","JEDDAH → ABHA","5 TON","5 TON","SINGLE_TRIP","EXTRA","",1300,"SAR","","","Primary Row 492","ACTIVE_CANDIDATE"
"RTL","JEDDAH → ABHA","10 TON","10 TON","SINGLE_TRIP","EXTRA","",1700,"SAR","","","Primary Row 493","ACTIVE_CANDIDATE"
"RTL","JEDDAH → JAZAN","5 TON","5 TON","SINGLE_TRIP","EXTRA","",1650,"SAR","","","Primary Row 494","ACTIVE_CANDIDATE"
"RTL","JEDDAH → JAZAN","10 TON","10 TON","SINGLE_TRIP","EXTRA","",1900,"SAR","","","Primary Row 495","ACTIVE_CANDIDATE"
"RTL","JEDDAH → QUNFUDHA","5 TON","5 TON","SINGLE_TRIP","EXTRA","",1300,"SAR","","","Primary Row 496","ACTIVE_CANDIDATE"
"RTL","JEDDAH → QUNFUDHA","10 TON","10 TON","SINGLE_TRIP","EXTRA","",1650,"SAR","","","Primary Row 497","ACTIVE_CANDIDATE"
"RTL","JEDDAH → YANBU","5 TON","5 TON","SINGLE_TRIP","EXTRA","",900,"SAR","","","Primary Row 498","ACTIVE_CANDIDATE"
"RTL","JEDDAH → YANBU","10 TON","10 TON","SINGLE_TRIP","EXTRA","",1250,"SAR","","","Primary Row 499","ACTIVE_CANDIDATE"
"RTL","RIYADH → RIYADH (SINGLE)","5 TON","5 TON","SINGLE_TRIP","EXTRA","",375,"SAR","","","Primary Row 500","ACTIVE_CANDIDATE"
"RTL","RIYADH → RIYADH (SINGLE)","10 TON","10 TON","SINGLE_TRIP","EXTRA","",475,"SAR","","","Primary Row 501","ACTIVE_CANDIDATE"
"RTL","RIYADH → RIYADH (10 HRS)","5 TON","5 TON","SINGLE_TRIP","EXTRA","",575,"SAR","","","Primary Row 502","ACTIVE_CANDIDATE"
"RTL","RIYADH → RIYADH (10 HRS)","10 TON","10 TON","SINGLE_TRIP","EXTRA","",700,"SAR","","","Primary Row 503","ACTIVE_CANDIDATE"
"Horizon","RIYADH → JEDDAH","5 TON","5 TON","SINGLE_TRIP","EXTRA","",1450,"SAR","","","Primary Row 504","ACTIVE_CANDIDATE"
"Horizon","RIYADH → JEDDAH","10 TON","10 TON","SINGLE_TRIP","EXTRA","",1790,"SAR","","","Primary Row 505","ACTIVE_CANDIDATE"
"Horizon","RIYADH → MAKKAH","5 TON","5 TON","SINGLE_TRIP","EXTRA","",1450,"SAR","","","Primary Row 506","ACTIVE_CANDIDATE"
"Horizon","RIYADH → MAKKAH","10 TON","10 TON","SINGLE_TRIP","EXTRA","",1790,"SAR","","","Primary Row 507","ACTIVE_CANDIDATE"
"Horizon","RIYADH → MADINAH","5 TON","5 TON","SINGLE_TRIP","EXTRA","",1850,"SAR","","","Primary Row 508","ACTIVE_CANDIDATE"
"Horizon","RIYADH → MADINAH","10 TON","10 TON","SINGLE_TRIP","EXTRA","",2070,"SAR","","","Primary Row 509","ACTIVE_CANDIDATE"
"Horizon","RIYADH → YANBU","5 TON","5 TON","SINGLE_TRIP","EXTRA","",2130,"SAR","","","Primary Row 510","ACTIVE_CANDIDATE"
"Horizon","RIYADH → YANBU","10 TON","10 TON","SINGLE_TRIP","EXTRA","",2690,"SAR","","","Primary Row 511","ACTIVE_CANDIDATE"
"Horizon","RIYADH → TAIF","5 TON","5 TON","SINGLE_TRIP","EXTRA","",1400,"SAR","","","Primary Row 512","ACTIVE_CANDIDATE"
"Horizon","RIYADH → TAIF","10 TON","10 TON","SINGLE_TRIP","EXTRA","",1790,"SAR","","","Primary Row 513","ACTIVE_CANDIDATE"
"Horizon","RIYADH → DAMMAM ( KHOBAR )","5 TON","5 TON","SINGLE_TRIP","EXTRA","",895,"SAR","","","Primary Row 514","ACTIVE_CANDIDATE"
"Horizon","RIYADH → DAMMAM ( KHOBAR )","10 TON","10 TON","SINGLE_TRIP","EXTRA","",1345,"SAR","","","Primary Row 515","ACTIVE_CANDIDATE"
"Horizon","RIYADH → AL AHSA ( HOFUF )","5 TON","5 TON","SINGLE_TRIP","EXTRA","",895,"SAR","","","Primary Row 516","ACTIVE_CANDIDATE"
"Horizon","RIYADH → AL AHSA ( HOFUF )","10 TON","10 TON","SINGLE_TRIP","EXTRA","",1290,"SAR","","","Primary Row 517","ACTIVE_CANDIDATE"
"Horizon","RIYADH → JUBAIL","5 TON","5 TON","SINGLE_TRIP","EXTRA","",1175,"SAR","","","Primary Row 518","ACTIVE_CANDIDATE"
"Horizon","RIYADH → JUBAIL","10 TON","10 TON","SINGLE_TRIP","EXTRA","",1455,"SAR","","","Primary Row 519","ACTIVE_CANDIDATE"
"Horizon","RIYADH → ABHA / KHAMIS MUSHAIT","5 TON","5 TON","SINGLE_TRIP","EXTRA","",1905,"SAR","","","Primary Row 520","ACTIVE_CANDIDATE"
"Horizon","RIYADH → ABHA / KHAMIS MUSHAIT","10 TON","10 TON","SINGLE_TRIP","EXTRA","",2240,"SAR","","","Primary Row 521","ACTIVE_CANDIDATE"
"Horizon","RIYADH → QASIM ( BURAIDAH )","5 TON","5 TON","SINGLE_TRIP","EXTRA","",950,"SAR","","","Primary Row 522","ACTIVE_CANDIDATE"
"Horizon","RIYADH → QASIM ( BURAIDAH )","10 TON","10 TON","SINGLE_TRIP","EXTRA","",1345,"SAR","","","Primary Row 523","ACTIVE_CANDIDATE"
"Horizon","RIYADH → HAIL","5 TON","5 TON","SINGLE_TRIP","EXTRA","",1400,"SAR","","","Primary Row 524","ACTIVE_CANDIDATE"
"Horizon","RIYADH → HAIL","10 TON","10 TON","SINGLE_TRIP","EXTRA","",1905,"SAR","","","Primary Row 525","ACTIVE_CANDIDATE"
"Horizon","RIYADH → HAFAR AL BATIN","5 TON","5 TON","SINGLE_TRIP","EXTRA","",1345,"SAR","","","Primary Row 526","ACTIVE_CANDIDATE"
"Horizon","RIYADH → HAFAR AL BATIN","10 TON","10 TON","SINGLE_TRIP","EXTRA","",1850,"SAR","","","Primary Row 527","ACTIVE_CANDIDATE"
"Horizon","RIYADH → TABUK","5 TON","5 TON","SINGLE_TRIP","EXTRA","",2465,"SAR","","","Primary Row 528","ACTIVE_CANDIDATE"
"Horizon","RIYADH → TABUK","10 TON","10 TON","SINGLE_TRIP","EXTRA","",3135,"SAR","","","Primary Row 529","ACTIVE_CANDIDATE"
"Horizon","RIYADH → SKAKA","5 TON","5 TON","SINGLE_TRIP","EXTRA","",2015,"SAR","","","Primary Row 530","ACTIVE_CANDIDATE"
"Horizon","RIYADH → SKAKA","10 TON","10 TON","SINGLE_TRIP","EXTRA","",2465,"SAR","","","Primary Row 531","ACTIVE_CANDIDATE"
"Horizon","RIYADH → RIYADH LOCAL","5 TON","5 TON","SINGLE_TRIP","EXTRA","",350,"SAR","","","Primary Row 532","ACTIVE_CANDIDATE"
"Horizon","RIYADH → RIYADH LOCAL","10 TON","10 TON","SINGLE_TRIP","EXTRA","",450,"SAR","","","Primary Row 533","ACTIVE_CANDIDATE"
"Horizon","WITHIN CITY SAME DAY DELIVERY → WITHIN CITY SAME DAY DELIVERY","5 TON","5 TON","SINGLE_TRIP","EXTRA","",75,"SAR","","","Primary Row 534","ACTIVE_CANDIDATE"
"Arkan Barwan","RIYADH → JEDDAH","5 TON","5 TON","SINGLE_TRIP","EXTRA","",1200,"SAR","","","Primary Row 539","ACTIVE_CANDIDATE"
"Arkan Barwan","RIYADH → JEDDAH","10 TON","10 TON","SINGLE_TRIP","EXTRA","",1600,"SAR","","","Primary Row 540","ACTIVE_CANDIDATE"
"Arkan Barwan","RIYADH → MAKKAH","5 TON","5 TON","SINGLE_TRIP","EXTRA","",1200,"SAR","","","Primary Row 541","ACTIVE_CANDIDATE"
"Arkan Barwan","RIYADH → MAKKAH","10 TON","10 TON","SINGLE_TRIP","EXTRA","",1600,"SAR","","","Primary Row 542","ACTIVE_CANDIDATE"
"Arkan Barwan","RIYADH → TAIF","5 TON","5 TON","SINGLE_TRIP","EXTRA","",1200,"SAR","","","Primary Row 543","ACTIVE_CANDIDATE"
"Arkan Barwan","RIYADH → TAIF","10 TON","10 TON","SINGLE_TRIP","EXTRA","",1450,"SAR","","","Primary Row 544","ACTIVE_CANDIDATE"
"Arkan Barwan","RIYADH → TAIF-MAKKAH","5 TON","5 TON","SINGLE_TRIP","EXTRA","",1499.5,"SAR","","","Primary Row 545","ACTIVE_CANDIDATE"
"Arkan Barwan","RIYADH → TAIF-MAKKAH","10 TON","10 TON","SINGLE_TRIP","EXTRA","",1750,"SAR","","","Primary Row 546","ACTIVE_CANDIDATE"
"Arkan Barwan","RIYADH → MAKKAH-JEDDAH","5 TON","5 TON","SINGLE_TRIP","EXTRA","",1500,"SAR","","","Primary Row 547","ACTIVE_CANDIDATE"
"Arkan Barwan","RIYADH → MAKKAH-JEDDAH","10 TON","10 TON","SINGLE_TRIP","EXTRA","",1750,"SAR","","","Primary Row 548","ACTIVE_CANDIDATE"
"Arkan Barwan","RIYADH → DAMMAM","5 TON","5 TON","SINGLE_TRIP","EXTRA","",850,"SAR","","","Primary Row 549","ACTIVE_CANDIDATE"
"Arkan Barwan","RIYADH → DAMMAM","10 TON","10 TON","SINGLE_TRIP","EXTRA","",1050,"SAR","","","Primary Row 550","ACTIVE_CANDIDATE"
"Arkan Barwan","RIYADH → HOFUF","5 TON","5 TON","SINGLE_TRIP","EXTRA","",600,"SAR","","","Primary Row 551","ACTIVE_CANDIDATE"
"Arkan Barwan","RIYADH → HOFUF","10 TON","10 TON","SINGLE_TRIP","EXTRA","",900,"SAR","","","Primary Row 552","ACTIVE_CANDIDATE"
"Arkan Barwan","RIYADH → QATIF","5 TON","5 TON","SINGLE_TRIP","EXTRA","",850,"SAR","","","Primary Row 553","ACTIVE_CANDIDATE"
"Arkan Barwan","RIYADH → QATIF","10 TON","10 TON","SINGLE_TRIP","EXTRA","",1050,"SAR","","","Primary Row 554","ACTIVE_CANDIDATE"
"Arkan Barwan","RIYADH → BURAIDAH","5 TON","5 TON","SINGLE_TRIP","EXTRA","",650,"SAR","","","Primary Row 555","ACTIVE_CANDIDATE"
"Arkan Barwan","RIYADH → BURAIDAH","10 TON","10 TON","SINGLE_TRIP","EXTRA","",950,"SAR","","","Primary Row 556","ACTIVE_CANDIDATE"
"Arkan Barwan","RIYADH → HAIL-TABUK","5 TON","5 TON","SINGLE_TRIP","EXTRA","",2150,"SAR","","","Primary Row 557","ACTIVE_CANDIDATE"
"Arkan Barwan","RIYADH → HAIL-TABUK","10 TON","10 TON","SINGLE_TRIP","EXTRA","",2750,"SAR","","","Primary Row 558","ACTIVE_CANDIDATE"
"Arkan Barwan","RIYADH → TABUK","5 TON","5 TON","SINGLE_TRIP","EXTRA","",2100,"SAR","","","Primary Row 559","ACTIVE_CANDIDATE"
"Arkan Barwan","RIYADH → TABUK","10 TON","10 TON","SINGLE_TRIP","EXTRA","",2600,"SAR","","","Primary Row 560","ACTIVE_CANDIDATE"
"Arkan Barwan","RIYADH → HAIL","5 TON","5 TON","SINGLE_TRIP","EXTRA","",1100,"SAR","","","Primary Row 561","ACTIVE_CANDIDATE"
"Arkan Barwan","RIYADH → HAIL","10 TON","10 TON","SINGLE_TRIP","EXTRA","",1300,"SAR","","","Primary Row 562","ACTIVE_CANDIDATE"
"Arkan Barwan","RIYADH → MADINA-YANBU","5 TON","5 TON","SINGLE_TRIP","EXTRA","",1950,"SAR","","","Primary Row 563","ACTIVE_CANDIDATE"
"Arkan Barwan","RIYADH → MADINA-YANBU","10 TON","10 TON","SINGLE_TRIP","EXTRA","",2150,"SAR","","","Primary Row 564","ACTIVE_CANDIDATE"
"Arkan Barwan","RIYADH → YANBU","5 TON","5 TON","SINGLE_TRIP","EXTRA","",1850,"SAR","","","Primary Row 565","ACTIVE_CANDIDATE"
"Arkan Barwan","RIYADH → YANBU","10 TON","10 TON","SINGLE_TRIP","EXTRA","",2050,"SAR","","","Primary Row 566","ACTIVE_CANDIDATE"
"Arkan Barwan","RIYADH → MADINA","5 TON","5 TON","SINGLE_TRIP","EXTRA","",1450,"SAR","","","Primary Row 567","ACTIVE_CANDIDATE"
"Arkan Barwan","RIYADH → MADINA","10 TON","10 TON","SINGLE_TRIP","EXTRA","",1750,"SAR","","","Primary Row 568","ACTIVE_CANDIDATE"
"Arkan Barwan","RIYADH → DAWADMI","5 TON","5 TON","SINGLE_TRIP","EXTRA","",700,"SAR","","","Primary Row 569","ACTIVE_CANDIDATE"
"Arkan Barwan","RIYADH → DAWADMI","10 TON","10 TON","SINGLE_TRIP","EXTRA","",900,"SAR","","","Primary Row 570","ACTIVE_CANDIDATE"
"Arkan Barwan","RIYADH → HAFER AL BATIN","5 TON","5 TON","SINGLE_TRIP","EXTRA","",1050,"SAR","","","Primary Row 571","ACTIVE_CANDIDATE"
"Arkan Barwan","RIYADH → HAFER AL BATIN","10 TON","10 TON","SINGLE_TRIP","EXTRA","",1250,"SAR","","","Primary Row 572","ACTIVE_CANDIDATE"
"Arkan Barwan","RIYADH → NAJRAN","5 TON","5 TON","SINGLE_TRIP","EXTRA","",1750,"SAR","","","Primary Row 573","ACTIVE_CANDIDATE"
"Arkan Barwan","RIYADH → NAJRAN","10 TON","10 TON","SINGLE_TRIP","EXTRA","",2050,"SAR","","","Primary Row 574","ACTIVE_CANDIDATE"
"Arkan Barwan","RIYADH → ABHA","5 TON","5 TON","SINGLE_TRIP","EXTRA","",1650,"SAR","","","Primary Row 575","ACTIVE_CANDIDATE"
"Arkan Barwan","RIYADH → ABHA","10 TON","10 TON","SINGLE_TRIP","EXTRA","",1950,"SAR","","","Primary Row 576","ACTIVE_CANDIDATE"
"Arkan Barwan","RIYADH → JIZAN","5 TON","5 TON","SINGLE_TRIP","EXTRA","",1850,"SAR","","","Primary Row 577","ACTIVE_CANDIDATE"
"Arkan Barwan","RIYADH → JIZAN","10 TON","10 TON","SINGLE_TRIP","EXTRA","",2150,"SAR","","","Primary Row 578","ACTIVE_CANDIDATE"
"Arkan Barwan","RIYADH → AL KHARJ","5 TON","5 TON","SINGLE_TRIP","EXTRA","",500,"SAR","","","Primary Row 579","ACTIVE_CANDIDATE"
"Arkan Barwan","RIYADH → AL KHARJ","10 TON","10 TON","SINGLE_TRIP","EXTRA","",650,"SAR","","","Primary Row 580","ACTIVE_CANDIDATE"
"Arkan Barwan","RIYADH → RIYADH LOCAL","5 TON","5 TON","SINGLE_TRIP","EXTRA","",400,"SAR","","","Primary Row 581","ACTIVE_CANDIDATE"
"Arkan Barwan","RIYADH → RIYADH LOCAL","10 TON","10 TON","SINGLE_TRIP","EXTRA","",500,"SAR","","","Primary Row 582","ACTIVE_CANDIDATE"
"Arkan Barwan","RIYADH → RIYADH LOCAL 10 HOURS","5 TON","5 TON","SINGLE_TRIP","EXTRA","",500,"SAR","","","Primary Row 583","ACTIVE_CANDIDATE"
"Arkan Barwan","RIYADH → RIYADH LOCAL 10 HOURS","10 TON","10 TON","SINGLE_TRIP","EXTRA","",600,"SAR","","","Primary Row 584","ACTIVE_CANDIDATE"
"Arkan Barwan","RIYADH → RIYADH LOCAL 12 HOURS","5 TON","5 TON","SINGLE_TRIP","EXTRA","",550,"SAR","","","Primary Row 585","ACTIVE_CANDIDATE"
"Arkan Barwan","RIYADH → RIYADH LOCAL 12 HOURS","10 TON","10 TON","SINGLE_TRIP","EXTRA","",650,"SAR","","","Primary Row 586","ACTIVE_CANDIDATE"
"Arkan Barwan","DAMMAM → HOFUF","5 TON","5 TON","SINGLE_TRIP","EXTRA","",500,"SAR","","","Primary Row 587","ACTIVE_CANDIDATE"
"Arkan Barwan","DAMMAM → HOFUF","10 TON","10 TON","SINGLE_TRIP","EXTRA","",650,"SAR","","","Primary Row 588","ACTIVE_CANDIDATE"
"Arkan Barwan","DAMMAM → RIYADH","5 TON","5 TON","SINGLE_TRIP","EXTRA","",850,"SAR","","","Primary Row 589","ACTIVE_CANDIDATE"
"Arkan Barwan","DAMMAM → RIYADH","10 TON","10 TON","SINGLE_TRIP","EXTRA","",1050,"SAR","","","Primary Row 590","ACTIVE_CANDIDATE"
"Arkan Barwan","JEDDAH → MAKKAH","5 TON","5 TON","SINGLE_TRIP","EXTRA","",600,"SAR","","","Primary Row 591","ACTIVE_CANDIDATE"
"Arkan Barwan","JEDDAH → MAKKAH","10 TON","10 TON","SINGLE_TRIP","EXTRA","",750,"SAR","","","Primary Row 592","ACTIVE_CANDIDATE"
"Arkan Barwan","JEDDAH → TAIF","5 TON","5 TON","SINGLE_TRIP","EXTRA","",700,"SAR","","","Primary Row 593","ACTIVE_CANDIDATE"
"Arkan Barwan","JEDDAH → TAIF","10 TON","10 TON","SINGLE_TRIP","EXTRA","",900,"SAR","","","Primary Row 594","ACTIVE_CANDIDATE"
"Arkan Barwan","JEDDAH → KHAMIS","5 TON","5 TON","SINGLE_TRIP","EXTRA","",1650,"SAR","","","Primary Row 595","ACTIVE_CANDIDATE"
"Arkan Barwan","JEDDAH → KHAMIS","10 TON","10 TON","SINGLE_TRIP","EXTRA","",1950,"SAR","","","Primary Row 596","ACTIVE_CANDIDATE"
"Arkan Barwan","JEDDAH → NAJRAN","5 TON","5 TON","SINGLE_TRIP","EXTRA","",1950,"SAR","","","Primary Row 597","ACTIVE_CANDIDATE"
"Arkan Barwan","JEDDAH → NAJRAN","10 TON","10 TON","SINGLE_TRIP","EXTRA","",2500,"SAR","","","Primary Row 598","ACTIVE_CANDIDATE"
"Arkan Barwan","JEDDAH → JIZAN","5 TON","5 TON","SINGLE_TRIP","EXTRA","",1550,"SAR","","","Primary Row 599","ACTIVE_CANDIDATE"
"Arkan Barwan","JEDDAH → JIZAN","10 TON","10 TON","SINGLE_TRIP","EXTRA","",1900,"SAR","","","Primary Row 600","ACTIVE_CANDIDATE"
"Arkan Barwan","JEDDAH → QUNFADA","5 TON","5 TON","SINGLE_TRIP","EXTRA","",850,"SAR","","","Primary Row 601","ACTIVE_CANDIDATE"
"Arkan Barwan","JEDDAH → QUNFADA","10 TON","10 TON","SINGLE_TRIP","EXTRA","",1050,"SAR","","","Primary Row 602","ACTIVE_CANDIDATE"
"Arkan Barwan","JEDDAH → JEDDAH LOCAL","5 TON","5 TON","SINGLE_TRIP","EXTRA","",400,"SAR","","","Primary Row 603","ACTIVE_CANDIDATE"
"Arkan Barwan","JEDDAH → JEDDAH LOCAL","10 TON","10 TON","SINGLE_TRIP","EXTRA","",500,"SAR","","","Primary Row 604","ACTIVE_CANDIDATE"
"Arkan Barwan","TAIF → AL BAHA","5 TON","5 TON","SINGLE_TRIP","EXTRA","",650,"SAR","","","Primary Row 605","ACTIVE_CANDIDATE"
"Arkan Barwan","TAIF → AL BAHA","10 TON","10 TON","SINGLE_TRIP","EXTRA","",850,"SAR","","","Primary Row 606","ACTIVE_CANDIDATE"
"Arkan Barwan","KHAMIS → NAJRAN","5 TON","5 TON","SINGLE_TRIP","EXTRA","",750,"SAR","","","Primary Row 607","ACTIVE_CANDIDATE"
"Arkan Barwan","KHAMIS → NAJRAN","10 TON","10 TON","SINGLE_TRIP","EXTRA","",1050,"SAR","","","Primary Row 608","ACTIVE_CANDIDATE"
"Arkan Barwan","KHAMIS → JIZAN","5 TON","5 TON","SINGLE_TRIP","EXTRA","",700,"SAR","","","Primary Row 609","ACTIVE_CANDIDATE"
"Arkan Barwan","KHAMIS → JIZAN","10 TON","10 TON","SINGLE_TRIP","EXTRA","",1000,"SAR","","","Primary Row 610","ACTIVE_CANDIDATE"
"Arkan Barwan","JEDDAH → MADINAH","5 TON","5 TON","SINGLE_TRIP","EXTRA","",900,"SAR","","","Primary Row 611","ACTIVE_CANDIDATE"
"Arkan Barwan","JEDDAH → MADINAH","10 TON","10 TON","SINGLE_TRIP","EXTRA","",1100,"SAR","","","Primary Row 612","ACTIVE_CANDIDATE"
"Arkan Barwan","JEDDAH → YANBU","5 TON","5 TON","SINGLE_TRIP","EXTRA","",850,"SAR","","","Primary Row 613","ACTIVE_CANDIDATE"
"Arkan Barwan","JEDDAH → YANBU","10 TON","10 TON","SINGLE_TRIP","EXTRA","",950,"SAR","","","Primary Row 614","ACTIVE_CANDIDATE"
"Arkan Barwan","JEDDAH → TABUK","5 TON","5 TON","SINGLE_TRIP","EXTRA","",1850,"SAR","","","Primary Row 615","ACTIVE_CANDIDATE"
"Arkan Barwan","JEDDAH → TABUK","10 TON","10 TON","SINGLE_TRIP","EXTRA","",2250,"SAR","","","Primary Row 616","ACTIVE_CANDIDATE"
"AKS","RIYADH → TABUK","3-4 TON","DYNA 3 TON","SINGLE_TRIP","EXTRA","",2150,"SAR","","","Primary Row 617","ACTIVE_CANDIDATE"
"AKS","RIYADH → TABUK","10 TON","LORRY","SINGLE_TRIP","EXTRA","",2800,"SAR","","","Primary Row 618","ACTIVE_CANDIDATE"
"AKS","RIYADH → TABUK","40 FEET","40 FEET","SINGLE_TRIP","EXTRA","",4500,"SAR","","","Primary Row 619","ACTIVE_CANDIDATE"
"AKS","RIYADH → HAIL+TABUK","3-4 TON","DYNA 3 TON","SINGLE_TRIP","EXTRA","",2300,"SAR","","","Primary Row 620","ACTIVE_CANDIDATE"
"AKS","RIYADH → HAIL+TABUK","10 TON","LORRY","SINGLE_TRIP","EXTRA","",3100,"SAR","","","Primary Row 621","ACTIVE_CANDIDATE"
"AKS","RIYADH → HAIL+TABUK","40 FEET","40 FEET","SINGLE_TRIP","EXTRA","",5000,"SAR","","","Primary Row 622","ACTIVE_CANDIDATE"
"AKS","RIYADH → BURAIDHA","3-4 TON","DYNA 3 TON","SINGLE_TRIP","EXTRA","",850,"SAR","","","Primary Row 623","ACTIVE_CANDIDATE"
"AKS","RIYADH → BURAIDHA","10 TON","LORRY","SINGLE_TRIP","EXTRA","",1200,"SAR","","","Primary Row 624","ACTIVE_CANDIDATE"
"AKS","RIYADH → BURAIDHA","40 FEET","40 FEET","SINGLE_TRIP","EXTRA","",1650,"SAR","","","Primary Row 625","ACTIVE_CANDIDATE"
"AKS","RIYADH → BUR+HAIL+TABUK","3-4 TON","DYNA 3 TON","SINGLE_TRIP","EXTRA","",2500,"SAR","","","Primary Row 626","ACTIVE_CANDIDATE"
"AKS","RIYADH → BUR+HAIL+TABUK","10 TON","LORRY","SINGLE_TRIP","EXTRA","",3300,"SAR","","","Primary Row 627","ACTIVE_CANDIDATE"
"AKS","RIYADH → BUR+HAIL+TABUK","40 FEET","40 FEET","SINGLE_TRIP","EXTRA","",5300,"SAR","","","Primary Row 628","ACTIVE_CANDIDATE"
"AKS","RIYADH → UNAIZA","3-4 TON","DYNA 3 TON","SINGLE_TRIP","EXTRA","",900,"SAR","","","Primary Row 629","ACTIVE_CANDIDATE"
"AKS","RIYADH → UNAIZA","10 TON","LORRY","SINGLE_TRIP","EXTRA","",1300,"SAR","","","Primary Row 630","ACTIVE_CANDIDATE"
"AKS","RIYADH → UNAIZA","40 FEET","40 FEET","SINGLE_TRIP","EXTRA","",1700,"SAR","","","Primary Row 631","ACTIVE_CANDIDATE"
"AKS","RIYADH → RIYADH LOCAL","3-4 TON","DYNA 3 TON","SINGLE_TRIP","EXTRA","",300,"SAR","","","Primary Row 632","ACTIVE_CANDIDATE"
"AKS","RIYADH → RIYADH LOCAL","10 TON","LORRY","SINGLE_TRIP","EXTRA","",450,"SAR","","","Primary Row 633","ACTIVE_CANDIDATE"
"AKS","RIYADH → RIYADH LOCAL","40 FEET","40 FEET","SINGLE_TRIP","EXTRA","",900,"SAR","","","Primary Row 634","ACTIVE_CANDIDATE"
"AKS","JEDDAH → TAIF+KHAMEES","3-4 TON","DYNA 3 TON","SINGLE_TRIP","EXTRA","",1750,"SAR","","","Primary Row 635","ACTIVE_CANDIDATE"
"AKS","JEDDAH → TAIF+KHAMEES","10 TON","LORRY","SINGLE_TRIP","EXTRA","",2600,"SAR","","","Primary Row 636","ACTIVE_CANDIDATE"
"AKS","JEDDAH → TAIF+KHAMEES","40 FEET","40 FEET","SINGLE_TRIP","EXTRA","",4000,"SAR","","","Primary Row 637","ACTIVE_CANDIDATE"
"AKS","RIYADH → DAMMAM","3-4 TON","DYNA 3 TON","SINGLE_TRIP","EXTRA","",850,"SAR","","","Primary Row 638","ACTIVE_CANDIDATE"
"AKS","RIYADH → DAMMAM","10 TON","LORRY","SINGLE_TRIP","EXTRA","",1250,"SAR","","","Primary Row 639","ACTIVE_CANDIDATE"
"AKS","RIYADH → DAMMAM","40 FEET","40 FEET","SINGLE_TRIP","EXTRA","",1650,"SAR","","","Primary Row 640","ACTIVE_CANDIDATE"
"AKS","RIYADH → JUBAIL","3-4 TON","DYNA 3 TON","SINGLE_TRIP","EXTRA","",900,"SAR","","","Primary Row 641","ACTIVE_CANDIDATE"
"AKS","RIYADH → JUBAIL","10 TON","LORRY","SINGLE_TRIP","EXTRA","",1350,"SAR","","","Primary Row 642","ACTIVE_CANDIDATE"
"AKS","RIYADH → JUBAIL","40 FEET","40 FEET","SINGLE_TRIP","EXTRA","",1700,"SAR","","","Primary Row 643","ACTIVE_CANDIDATE"
"AKS","RIYADH → DAHRAN","3-4 TON","DYNA 3 TON","SINGLE_TRIP","EXTRA","",900,"SAR","","","Primary Row 644","ACTIVE_CANDIDATE"
"AKS","RIYADH → DAHRAN","10 TON","LORRY","SINGLE_TRIP","EXTRA","",1350,"SAR","","","Primary Row 645","ACTIVE_CANDIDATE"
"AKS","RIYADH → DAHRAN","40 FEET","40 FEET","SINGLE_TRIP","EXTRA","",1700,"SAR","","","Primary Row 646","ACTIVE_CANDIDATE"
"AKS","RIYADH → HOFUF","3-4 TON","DYNA 3 TON","SINGLE_TRIP","EXTRA","",800,"SAR","","","Primary Row 647","ACTIVE_CANDIDATE"
"AKS","RIYADH → HOFUF","10 TON","LORRY","SINGLE_TRIP","EXTRA","",1200,"SAR","","","Primary Row 648","ACTIVE_CANDIDATE"
"AKS","RIYADH → HOFUF","40 FEET","40 FEET","SINGLE_TRIP","EXTRA","",1650,"SAR","","","Primary Row 649","ACTIVE_CANDIDATE"